Date,Site,Station_Depth_m,Sample_Depth_m,Sample_Depth_category,Arrival_Time,Departure_Time,Lat_deg,Long_deg,Wind_speed_ms-1,Sky,Secchi_Depth_m,Temp_C,SpCond_uScm-1,BeamAtten_m-1,Transmiss_pct,DO_mgL-1,PAR_uEcm-2s-1,Turbidity_NTU,Particulate_Microcystin_ugL-1,Dissolved_Microcystin_ugL-1,Extracted_PC_ugL-1,Extracted_CHLa_ugL-1,Total_cyanobacteria_genes_copiesmL-1,mycE_genes_copiesmL-1
4/24/2024,WE2,5.514,1,Surface,14:21,14:36,41.76138333,-83.33268333,4.1,clear,1.5,11.43410303,269.6059697,4.48190303,39.95669091,nd,2929.109091,6.46,bdl,bdl,0.13097342,4.381,19970,bdl
4/24/2024,WE2,,4.5,Bottom,,,,,,,,11.31752105,270.5285263,2.578936842,52.48152105,nd,143.9331579,ns,bdl,bdl,0.08430524,4.28675,ns,ns
4/24/2024,WE4,8.696,1,Surface,9:31,10:00,41.826,-83.19546667,3.6,clear,1.75,9.99065625,226.9281563,2.53051875,55.62303125,10.45945,1421.3875,3.86,bdl,bdl,0.1074689,3.40925,11140,bdl
4/24/2024,WE6,3.015,1,Surface,12:31,12:49,41.705,-83.38661667,4.5,clear,0.25,12.77107857,383.2244286,14.97761071,2.510378571,9.507571429,2370.182143,44.56,bdl,bdl,0.46226304,3.848,29613,bdl
4/24/2024,WE8,5.311,1,Surface,8:35,9:03,41.83405,-83.3582,2,clear,2.25,12.00922774,346.6068323,1.426423226,70.9772271,8.464699355,118.5974194,4.49,bdl,bdl,0.06817104,2.5415,43686,bdl
4/24/2024,WE8,,4.3,Bottom,,,,,,,,12.02636923,337.8381538,1.243238462,73.28550769,10.00714615,7.366792308,ns,bdl,bdl,0.29701176,2.56425,ns,ns
4/24/2024,WE9,2.702,1,Surface,12:59,13:16,41.71753333,-83.42475,6,clear,0.25,14.2112625,428.6271875,24.111775,0.2412375,9.2644875,1260.8875,70,bdl,bdl,0.5206983,6.40575,13705,bdl
4/24/2024,WE12,7.012,1,Surface,11:43,12:04,41.70368333,-83.25518333,5.5,clear,1.25,10.539925,245.852125,5.1676375,29.5308375,11.4717625,1906.7375,5.64,bdl,bdl,0.07437584,3.224,18797,bdl
4/24/2024,WE12,,6,Bottom,,,,,,,,10.4893,245.8111429,3.274821429,44.10302143,9.609171429,29.45221429,ns,bdl,bdl,0.14218228,3.1915,ns,ns
4/24/2024,WE13,9.249,1,Surface,10:22,10:43,41.7425,-83.13608333,4.7,clear,2.25,10.34608,270.79412,2.689708,53.306424,10.82012,1654.2056,3.27,bdl,bdl,0.06068216,3.3475,18054,bdl
4/24/2024,WE13,,8,Bottom,,,,,,,,10.27902857,272.2807143,2.197942857,57.72557143,10.99348571,13.93542857,ns,bdl,bdl,0.05743164,3.47425,ns,ns
4/24/2024,WE16,6.253,1,Surface,11:05,11:20,41.65978333,-83.14505,3.8,clear,0.25,12.18757857,318.3209286,13.51282143,4.097514286,10.19671429,541.1864286,40.93,bdl,bdl,0.1923381,1.755,1888,bdl
5/8/2024,WE2,5.461,1,Surface,12:45,12:58,41.7619,-83.3342,4.5,clear,0.5,17.96728714,413.5135857,13.35004,6.041612857,nd,767.1677143,29.72,bdl,bdl,0.07517664,27.25,510917,bdl
5/8/2024,WE2,,5,Bottom,,,,,,,,17.10682353,392.2854706,13.57474118,3.362064706,nd,5.46E-05,ns,bdl,bdl,0.23473716,23.06,ns,ns
5/8/2024,WE4,8.44,1,Surface,9:20,9:36,41.8254,-83.1962,4,clear,1.5,15.1914,279.57,5.87585,23.01625,nd,126.77,2.82,bdl,bdl,0.01,3.38,9590,bdl
5/8/2024,WE6,2.954,1,Surface,11:51,12:01,41.7049,-83.3869,5.5,clear,0.25,17.87776197,402.4904507,15.98208732,1.868852113,nd,536.7170423,34.9,bdl,bdl,0.28280736,62.93,331968,bdl
5/8/2024,WE8,5.279,1,Surface,8:32,8:50,41.8329,-83.3571,5,clear,1,15.80786667,307.332,5.942633333,24.39596667,nd,107.9006667,7.19,bdl,bdl,0.044040168,5.5,22386,bdl
5/8/2024,WE8,,4,Bottom,,,,,,,,15.88906667,307.1343333,2.617166667,52.009,nd,4.889777778,ns,bdl,bdl,0.113226,4.95,ns,ns
5/8/2024,WE9,2.548,1,Surface,12:12,12:22,41.7181,-83.4254,7.5,clear,0.25,18.77025971,474.2966403,27.25764532,0.110215827,nd,282.6783669,72.47,bdl,bdl,0.39020256,9.93,59738,bdl
5/8/2024,WE12,6.95,1,Surface,11:11,11:28,41.7037,-83.2558,5,clear,0.5,16.446275,271.17975,12.55615,4.650125,nd,856.85625,25.48,bdl,bdl,0.05489088,13.18,42181,bdl
5/8/2024,WE12,,6,Bottom,,,,,,,,16.06124545,269.6877273,12.91988182,3.966645455,nd,0.000116137,ns,bdl,bdl,0.05038896,12.74,ns,ns
5/8/2024,WE13,9.132,1,Surface,9:58,10:10,41.7421,-83.1365,4.5,clear,1.5,15.13377143,249.2604286,3.927,39.19451429,nd,245.53,5.65,bdl,bdl,0.02188132,4.13,6005,bdl
5/8/2024,WE13,,8,Bottom,,,,,,,,15.16823077,250.5264615,2.946530769,47.87427692,nd,3.873476923,ns,bdl,bdl,bdl,4.07,ns,ns
5/8/2024,WE16,6.155,1,Surface,10:33,10:49,41.6607,-83.146,4.5,clear,1,16.05368382,266.7226029,2.944060294,48.72282647,nd,191.3723529,7.72,bdl,bdl,bdl,3.16,12701,bdl
5/20/2024,WE2,5.61,1,Surface,13:01,13:14,41.7616,-83.33058333,5.4,partly cloudy,0.75,21.63340922,304.5931277,6.177195745,21.49655603,nd,1384.934043,10.7,bdl,bdl,4.37052668,21.85,247101,bdl
5/20/2024,WE2,,5,Bottom,,,,,,,,19.26535714,319.148,5.368171429,26.13272143,nd,2.646807143,ns,bdl,0.13,0.19442852,24.07,ns,ns
5/20/2024,WE4,8.697,1,Surface,9:32,9:50,41.82605,-83.196,8.7,hazy,2.5,18.85134964,294.1858273,1.765571223,64.66656475,nd,1481.383094,1.23,bdl,bdl,0.850915,6.32,2881,bdl
5/20/2024,WE6,3.11,1,Surface,12:05,12:20,41.70518333,-83.38578333,3.1,hazy,1.5,22.85894133,425.8276733,2.693403333,51.08568,nd,1058.015533,7.21,bdl,bdl,1.5201862,9.4,93470,bdl
5/20/2024,WE8,5.232,1,Surface,8:41,9:04,41.83423333,-83.3582,5.3,hazy,0.75,20.60092857,399.0297143,6.527414286,24.28518571,nd,1784.768571,9.64,bdl,bdl,8.7980165,13.22,45977,bdl
5/20/2024,WE8,,4,Bottom,,,,,,,,20.44828,400.3289,3.80174,38.65748,nd,2.4747,ns,bdl,bdl,7.04641106,12.96,ns,ns
5/20/2024,WE9,2.84,1,Surface,12:27,12:46,41.71773333,-83.4233,2.7,partly cloudy,0.75,23.39261572,526.8132453,10.54990755,7.266655975,nd,1114.162013,18.13,bdl,bdl,10.95104634,39.59,213942,bdl
5/20/2024,WE12,6.919,1,Surface,11:28,11:43,41.7025,-83.25381667,6.8,hazy,0.75,20.41011888,267.1539231,5.487578322,25.48737762,nd,1727.574825,12.1,bdl,bdl,2.8251366,24.81,287845,bdl
5/20/2024,WE12,,6,Bottom,,,,,,,,17.72244167,283.2956667,8.289083333,12.60023333,nd,0.41017,ns,bdl,bdl,bdl,6.88,ns,ns
5/20/2024,WE13,9.252,1,Surface,10:14,10:31,41.74251667,-83.1356,9.2,hazy,3.25,19.46873613,280.1677419,1.427505806,70.08808129,nd,1538.409548,5.94,bdl,bdl,1.42729938,5.48,8279,bdl
5/20/2024,WE13,,8,Bottom,,,,,,,,16.36842143,282.3814286,5.229085714,27.16725,nd,20.088,ns,bdl,0.43,0.6516354,3.83,ns,ns
5/20/2024,WE16,6.332,1,Surface,10:52,11:07,41.65943333,-83.14433333,6.4,hazy,0.75,20.82998757,274.0144378,6.935656216,17.7309,nd,1569.782703,6.4,bdl,0.37,1.84952118,37.29,581719,bdl
6/3/2024,WE2,5.74,1,Surface,12:06,12:21,41.76201667,-83.33038333,6.2,partly cloudy,1,20.86857072,187.6369252,6.208456386,24.87687664,nd,2941.544735,8.34,bdl,bdl,1.32104232,19.87,329441,bdl
6/3/2024,WE2,,5,Bottom,,,,,,,,20.44467273,354.2549091,2.965936364,47.64997273,nd,3.964345455,ns,bdl,bdl,1.69195578,20.57,ns,ns
6/3/2024,WE4,8.646,1,Surface,9:01,9:16,41.82615,-83.19645,2.8,fog,2,19.66386316,273.1644211,2.231258373,57.8573134,nd,330.1470813,2.46,bdl,0.23,31.31481764,19.72,100173,bdl
6/3/2024,WE6,3.212,1,Surface,11:19,11:30,41.70591667,-83.38223333,5.6,partly cloudy,1,21.58894833,453.0121,4.392109167,33.39342667,nd,1236.350833,7.3,bdl,bdl,3.7948564,48.37,1104641,bdl
6/3/2024,WE8,5.219,1,Surface,8:15,8:33,41.83398333,-83.35941667,3.9,cloudy,1,21.31431753,368.7175567,4.635625773,32.0109701,nd,258.9010309,7.23,bdl,bdl,3.44775204,51.28,896018,bdl
6/3/2024,WE8,,4,Bottom,,,,,,,,20.92137778,356.7893333,3.663722222,40.02575,nd,2.471861111,ns,bdl,bdl,2.84826896,50.49,ns,ns
6/3/2024,WE9,2.833,1,Surface,11:37,11:49,41.71781667,-83.42271667,7.5,partly cloudy,0.75,21.89383302,574.4213585,12.06899151,4.907254717,nd,739.5156604,24.5,bdl,0.37,0.51429012,42.06,505559,bdl
6/3/2024,WE12,6.864,1,Surface,10:44,10:57,41.70093333,-83.25265,2.6,partly cloudy,1.25,20.52412348,307.70925,6.758282576,18.51280682,nd,502.7002273,14.71,bdl,bdl,0.05061496,11.11,23313,bdl
6/3/2024,WE12,,6,Bottom,,,,,,,,20.34414444,306.7644444,6.512677778,19.62886667,nd,0.185942222,ns,bdl,bdl,0.13079976,9.53,ns,ns
6/3/2024,WE13,9.216,1,Surface,9:38,9:53,41.74368333,-83.13768333,3.6,fog,1.75,19.9431189,276.8491339,2.700177953,51.05852598,nd,501.4908661,4.63,bdl,bdl,3.00741816,10.07,35227,bdl
6/3/2024,WE13,,8,Bottom,,,,,,,,19.80430833,282.8931667,4.554108333,33.03528333,nd,1.3558,ns,bdl,bdl,bdl,2.79,ns,ns
6/3/2024,WE16,6.204,1,Surface,10:11,10:25,41.6592,-83.145,3.7,partly cloudy,1.75,20.32774872,286.5617628,3.098884615,52.07145897,nd,1464.491923,3.86,bdl,bdl,0.6029228,5.31,13285,bdl
6/17/2024,WE2,5.836,1,Surface,13:23,13:42,41.76226667,-83.33235,4.1,clear,1.25,24.22828182,334.9508182,6.8268,31.66479091,nd,2877.8,7.84,bdl,bdl,1.32441876,3.75,8497,bdl
6/17/2024,WE2,,6,Bottom,,,,,,,,21.85176923,322.3470769,3.985476923,36.92211538,nd,29.61176923,ns,bdl,bdl,0.39015736,1.99,ns,ns
6/17/2024,WE4,8.789,1,Surface,9:43,10:03,41.82698333,-83.19593333,4.1,cloudy,4.5,21.53107101,251.9105089,1.129653254,75.83571124,nd,304.9666272,1.3,bdl,bdl,0.30161847,1.91,3568,bdl
6/17/2024,WE6,3.269,1,Surface,12:22,12:37,41.7051,-83.38553333,4.6,clear,1.25,23.94922857,405.1562857,8.118585714,24.81932857,nd,2533.385714,8.03,bdl,bdl,1.59297908,4.88,14120,bdl
6/17/2024,WE8,5.224,1,Surface,8:54,9:18,41.83405,-83.3591,5.7,cloudy,1,22.63335082,366.855377,4.168277869,35.84660902,nd,216.7482787,8.9,bdl,bdl,0.97741836,3.73,5312,bdl
6/17/2024,WE8,,4,Bottom,,,,,,,,22.6438,366.6978889,4.0907,35.96313333,nd,1.780522222,ns,bdl,bdl,1.04404768,4.42,ns,ns
6/17/2024,WE9,2.944,1,Surface,12:51,13:06,41.71798333,-83.42415,5.1,clear,1,25.17586012,511.0527688,4.062007514,36.52769249,nd,1663.314162,7.7,bdl,0.14,1.18864248,20,350217,bdl
6/17/2024,WE12,7.174,1,Surface,11:40,11:58,41.7029,-83.25421667,5.7,partly cloudy,1.25,22.90081667,306.45325,6.005283333,22.42516667,nd,2663.316667,7.05,bdl,bdl,1.84722456,18.43,322218,bdl
6/17/2024,WE12,,6,Bottom,,,,,,,,21.70807778,305.1905556,5.039955556,28.38758889,nd,5.122988889,ns,bdl,bdl,0.41736776,23.48,ns,ns
6/17/2024,WE13,9.487,1,Surface,10:23,10:42,41.74265,-83.13653333,3.1,partly cloudy,2,22.0510414,268.5112043,2.265348387,57.15149194,nd,844.6969892,3.61,bdl,bdl,0.43736876,5.27,42978,bdl
6/17/2024,WE13,,8,Bottom,,,,,,,,21.397,263.367,2.24225,57.088725,nd,6.5607,ns,bdl,bdl,0.37982916,4.54,ns,ns
6/17/2024,WE16,6.305,1,Surface,11:01,11:19,41.65821667,-83.14531667,4.1,partly cloudy,1.5,22.65102824,302.4284588,2.885729412,49.55178941,nd,1707.189412,5.1,bdl,bdl,0.51892086,18.82,904406,bdl
7/2/2024,WE2,5.932,1,Surface,11:29,11:43,41.76218333,-83.32968333,3.09,partly cloudy,1.5,23.09292762,304.0736678,3.126930769,46.61337203,nd,2035.527972,7.48,bdl,bdl,0.4781595,10.64,34967,bdl
7/2/2024,WE2,,5,Bottom,,,,,,,,23.01636923,305.0146923,3.479292308,41.90863846,nd,22.71907692,,0.1,bdl,0.75020022,11.96,ns,ns
7/2/2024,WE6,3.333,1,Surface,10:25,10:40,41.70515,-83.38608333,4.12,clear,1.25,23.17464214,465.0691286,4.198877857,36.60528357,nd,1624.985929,9.3,bdl,bdl,0.59151432,14.89,257271,322
7/2/2024,WE9,3.129,1,Surface,10:52,11:10,41.71811667,-83.42278333,5.15,clear,0.5,23.78889756,507.4153902,12.41605854,5.28614878,nd,1658.870244,22.88,bdl,bdl,0.3897144,25.56,174184,bdl
7/2/2024,WE12,7.241,1,Surface,9:45,10:01,41.70328333,-83.25446667,3.6,clear,0.75,23.0406751,328.3714636,7.130542529,17.12398084,nd,1848.542375,13.02,bdl,bdl,0.3158124,13.33,42975,bdl
7/2/2024,WE12,,6,Bottom,,,,,,,,22.9162,327.8226316,6.897557895,17.82831053,nd,0.345639474,,0.24,bdl,0.23884584,11.66,ns,ns
7/2/2024,WE16,6.364,1,Surface,9:05,9:26,41.65748333,-83.14158333,4.63,clear,1.75,22.69408554,295.7968373,3.026751807,47.38431325,nd,1508.18,5.58,bdl,bdl,bdl,4.44,14205,bdl
7/8/2024,WE2,5.809,1,Surface,12:13,12:30,41.7623,-83.32941667,1.03,partly cloudy,0.75,25.71342941,346.2131176,4.013194118,44.38754706,nd,2739.888235,2.36,0.21,0.15,5.47368384,31.66,272769,bdl
7/8/2024,WE2,,6,Bottom,,,,,,,,24.21965833,317.7705833,2.969541667,47.59778333,nd,37.4035,ns,0.31,0.12,3.20496024,24.59,ns,ns
7/8/2024,WE2,,0,Scum,,,,,,,,ns,ns,ns,ns,ns,ns,ns,16.87,0.77,37.6146264,79.5,ns,ns
7/8/2024,WE4,9.055,1,Surface,8:51,9:06,41.8265,-83.1929,4.12,partly cloudy,2,23.86925833,284.8243333,4.953458333,33.36079167,nd,2453.966667,4.93,1.94,0.15,6.5436944,18.69,116030,824
7/8/2024,WE6,3.239,1,Surface,11:17,11:31,41.70523333,-83.38578333,3.09,partly cloudy,1.5,25.27689,433.299,4.32864,35.95881,nd,2246.88,4.62,1.04,0.33,10.2070866,39.97,579350,225
7/8/2024,WE8,5.435,1,Surface,8:09,8:25,41.83426667,-83.35806667,3.09,partly cloudy,2,24.2472534,326.8575183,2.846429843,49.3072555,nd,446.0712565,4.87,0.45,0.13,5.0698467,24.19,190722,bdl
7/8/2024,WE8,,4,Bottom,,,,,,,,24.28765,327.999,2.721675,50.64159167,nd,16.82683333,ns,0.57,0.16,3.0366942,21.21,ns,ns
7/8/2024,WE9,2.872,1,Surface,11:42,11:55,41.71741667,-83.42366667,3.09,partly cloudy,1,25.8801,461.3102778,6.807388889,19.97746667,nd,2267.305556,11.37,1.34,0.13,13.14236556,51.41,642099,2295
7/8/2024,WE12,6.952,1,Surface,10:37,10:52,41.7031,-83.25568333,2.57,,2,24.50444,309.7924,9.25003,27.06455,nd,3334.19,4.5,0.18,bdl,8.04262584,25.45,156505,bdl
7/8/2024,WE12,,6,Bottom,,,,,,,,24.00352727,304.938,3.263445455,44.22812727,nd,14.19,ns,0.21,bdl,6.43133172,22.17,ns,ns
7/8/2024,WE13,9.323,1,Surface,9:27,9:42,41.74228333,-83.13601667,3.09,partly cloudy,4,23.9719,248.4675556,3.032422222,49.90905556,nd,1878.777778,0.82,1.25,0.1,2.68926892,6.13,23913,259
7/8/2024,WE13,,8,Bottom,,,,,,,,23.43435833,245.4230833,2.08085,59.44238333,nd,40.19116667,ns,1.45,0.11,2.20335988,6.68,ns,ns
7/8/2024,WE16,6.327,1,Surface,10:01,10:15,41.65915,-83.14401667,3.09,partly cloudy,3.5,24.19736364,293.0343636,3.706818182,44.36612727,nd,2803.7,1.84,0.26,bdl,1.44151388,4.88,12009,bdl
7/17/2024,WE2,5.614,1,Surface,12:21,12:40,41.76181667,-83.3306,1.03,partly cloudy,1.25,25.983605,307.5413,2.567195,53.583045,nd,1239.8715,2.57,0.16,0.13,2.19647592,13.23,19970,bdl
7/17/2024,WE2,,6,Bottom,,,,,,,,25.4437375,327.81775,2.13115,58.696925,nd,63.7375625,ns,0.1,0.18,1.16103432,7.62,ns,ns
7/17/2024,WE2,,0,Scum,,,,,,,,ns,ns,ns,ns,ns,ns,ns,26.48,0.2,105.8070528,259.56,ns,ns
7/17/2024,WE4,8.999,1,Surface,8:54,9:10,41.82705,-83.19571667,4.6,cloudy,2,24.74349,258.5228,4.10892,43.43145,nd,684.649,3.59,1.28,0.11,3.91764672,18.41,11140,bdl
7/17/2024,WE6,3.385,1,Surface,11:27,11:40,41.70613333,-83.38478333,0,cloudy,2,26.11409934,433.5190464,2.630221854,52.14122252,nd,749.9492715,9.91,0.29,0.2,1.22869872,11.63,29613,bdl
7/17/2024,WE8,5.521,1,Surface,8:08,8:28,41.83408333,-83.35881667,4.1,cloudy,2.5,25.22191385,322.0569077,2.046777692,60.26951615,nd,179.8571538,2.4,0.4,0.14,1.2147048,8.82,43686,bdl
7/17/2024,WE8,,4,Bottom,,,,,,,,25.43219231,323.2157692,2.009323077,60.51216154,nd,12.17753846,ns,0.36,0.19,1.53381906,8,ns,ns
7/17/2024,WE9,2.901,1,Surface,11:48,12:03,41.7182,-83.4232,0.5,cloudy,0.75,26.66489091,519.4738182,8.702954545,11.71667273,nd,1811.756364,24.03,bdl,0.17,0.3987996,19.92,13705,bdl
7/17/2024,WE12,7.097,1,Surface,10:38,10:51,41.70388333,-83.25541667,2.1,partly cloudy,2,25.27231339,280.1786693,3.977077165,38.55464724,nd,1331.31126,6.89,bdl,0.16,1.35037712,14.66,18797,bdl
7/17/2024,WE12,,6,Bottom,,,,,,,,25.148775,282.3190833,3.665125,40.000425,nd,14.2675,ns,bdl,bdl,1.12789368,13.26,ns,ns
7/17/2024,WE13,9.731,1,Surface,9:28,9:43,41.74383333,-83.13691667,3.6,partly cloudy,2,24.82681818,251.3753636,3.040354545,47.16202727,nd,1368.070909,22.77,0.21,bdl,0.6194886,14.08,18054,bdl
7/17/2024,WE13,,8,Bottom,,,,,,,,24.55648,254.7049333,3.108993333,46.01272667,nd,4.24898,ns,0.55,bdl,1.59930256,13.04,ns,ns
7/17/2024,WE16,,1,Surface,10:01,10:15,41.65845,-83.14631667,2.1,partly cloudy,2,25.10203107,265.1435146,3.013153398,48.3502301,nd,591.1857282,7.3,0.28,bdl,0.52999712,9.04,1888,bdl
7/22/2024,WE2,5.7,1,Surface,13:20,13:40,41.76156667,-83.33163333,1.03,"cloudy, haze",2,25.46362174,297.5038261,3.08178587,46.95459239,nd,519.2109783,4.05,0.95,0.26,6.7348452,17.27,105864,1401
7/22/2024,WE2,,6,Bottom,,,,,,,,25.21463913,300.0002174,2.34426087,55.67185652,nd,23.45247826,ns,0.88,0.34,4.49132964,13.42,ns,ns
7/22/2024,WE4,8.968,1,Surface,9:43,10:00,41.82715,-83.19315,3.09,"partly cloudy, haze",2.5,25.19545385,265.6277692,3.983069231,43.28691538,nd,898.8,1.14,1.04,0.18,1.7945982,13.85,84022,1316
7/22/2024,WE6,3.347,1,Surface,12:25,12:40,41.70678333,-83.3838,2.058,"partly cloudy, haze",1.5,26.29407273,477.0723636,6.496054545,23.76954545,nd,1911.253636,4.44,2.48,0.39,28.89460398,46.43,276452,2387
7/22/2024,WE6,,0,Scum,,,,,,,,ns,ns,ns,ns,ns,ns,ns,29.52,0.48,39.27456024,276.22,ns,ns
7/22/2024,WE8,5.37,1,Surface,8:59,9:20,41.83391667,-83.35885,2.57,"partly cloudy, haze",1.5,26.02449,343.4299,4.99711,32.52657,nd,1850.422,4.46,3.48,0.32,7.89306582,29.32,180549,7095
7/22/2024,WE8,,4,Bottom,,,,,,,,26.03359167,343.5705833,3.213125,44.787275,nd,12.39355833,ns,2.27,0.32,8.74298628,26.02,ns,ns
7/22/2024,WE9,3.189,1,Surface,12:48,13:02,41.71748333,-83.42403333,2.058,"partly cloudy, haze",0.75,26.09373152,499.1224358,7.820892607,14.86619689,nd,877.4184436,6.56,bdl,0.42,11.682279,58.13,980542,519
7/22/2024,WE12,7,1,Surface,11:32,11:50,41.70321667,-83.25393333,4.12,"partly cloudy, haze",1.75,25.49715,310.289,5.31947,32.77702,nd,539.63,1.8,0.43,0.22,4.89088182,15.39,39729,467
7/22/2024,WE12,,6,Bottom,,,,,,,,24.76549,312.785,3.35216,43.38138,nd,10.61859,ns,0.44,0.21,3.66954957,11.84,ns,ns
7/22/2024,WE13,9.411,1,Surface,10:21,10:38,41.74285,-83.136,3.09,"partly cloudy, haze",2.5,25.27525942,250.1510362,2.644019565,53.54784855,nd,541.9489855,3.03,1.53,0.24,5.89973904,12.74,90671,1055
7/22/2024,WE13,,8,Bottom,,,,,,,,24.43106667,260.3288333,2.603,52.174425,nd,8.439875,ns,0.34,0.24,10.26380808,14.8,ns,ns
7/22/2024,WE16,6.333,1,Surface,10:54,11:14,41.65901667,-83.1454,2.57,"partly cloudy, haze",2.25,25.19894407,289.942322,2.835153672,49.85817853,nd,246.3151977,1.38,0.16,0.19,6.58146804,11.85,21337,192
7/29/2024,WE2,5.545,1,Surface,12:35,13:02,41.76166667,-83.33038333,3.09,drizzle,1.5,25.79386014,316.3600743,3.29430473,44.69055473,nd,703.7658784,4.89,1.396909598,0.329150358,7.80671574,23.87,96275,516
7/29/2024,WE2,,5,Bottom,,,,,,,,25.770875,325.5053,3.835145,38.3376,nd,20.27665,ns,0.926307203,bdl,6.15795534,25.12,ns,ns
7/29/2024,WE4,8.843,1,Surface,9:12,9:30,41.8255,-83.19523333,4.12,partly cloudy,3,25.19372035,249.104292,2.494062832,54.98936283,nd,610.9668142,1.66,1.044853599,bdl,1.82116676,11.49,33367,454
7/29/2024,WE6,3.205,1,Surface,11:37,11:55,41.70621667,-83.38406667,4.12,drizzle,1.5,26.12986471,438.4320588,3.246060784,44.60180588,nd,636.3471895,4.63,2.031132026,bdl,6.38494974,23.43,138390,373
7/29/2024,WE8,5.039,1,Surface,8:30,8:49,41.83466667,-83.36045,5.14,partly cloudy,1.5,25.97876667,316.496,4.9496,29.84419167,nd,2264.835,6.15,2.370312571,bdl,8.13723848,28.64,103131,1868
7/29/2024,WE8,,4,Bottom,,,,,,,,25.96808889,315.1226667,3.800244444,38.67221667,nd,21.01561111,ns,2.12,0.158932262,4.95494604,28.95,ns,ns
7/29/2024,WE9,2.722,1,Surface,12:07,12:21,41.71841667,-83.42375,2.57,drizzle,1,26.59665906,494.9607987,6.707339597,18.72241409,nd,406.7661745,8.93,0.49,0.272029654,10.81421526,44.92,485858,807
7/29/2024,WE12,6.838,1,Surface,10:51,11:05,41.70201667,-83.2552,3.6,drizzle,1.5,25.5922,292.2030909,4.946209091,32.76611818,nd,775.8772727,5.87,0.429349098,bdl,9.43331684,21.89,71276,478
7/29/2024,WE12,,6,Bottom,,,,,,,,25.59274167,293.53825,3.430875,42.41308333,nd,5.767991667,ns,0.722587004,0.254083877,8.60161424,19.17,ns,ns
7/29/2024,WE13,9.262,1,Surface,9:47,10:04,41.74305,-83.13661667,3.6,cloudy,2.5,25.39951134,268.3314124,2.983270103,48.42352371,nd,691.4107216,2.44,0.815281037,bdl,7.06014056,17.14,61436,229
7/29/2024,WE13,,8,Bottom,,,,,,,,25.1505625,272.277125,2.71175,50.77123125,nd,4.93889375,ns,0.224163346,bdl,4.62956932,15.27,ns,ns
7/29/2024,WE16,6.214,1,Surface,10:19,10:34,41.65898333,-83.14555,4.63,cloudy,2.5,25.59277273,274.0074545,3.799054545,42.99380909,nd,572.4172727,1.92,0.165038103,0.098356341,1.37794008,11.68,43259,294
8/5/2024,WE2,5.156,1,Surface,12:16,12:35,41.76208333,-83.332,8.23,thunderstorm,1,26.496522,311.2148467,3.725204,39.53718267,7.300527333,33.10875333,10.68,2.34,0.12,12.24469356,32.69,ns,ns
8/5/2024,WE2,,5,Bottom,,,,,,,,26.78566667,314.4276667,3.622516667,40.42976667,8.724383333,1.169533333,ns,1.71,0.16,5.49684432,33.3,ns,ns
8/5/2024,WE4,8.485,1,Surface,9:02,9:21,41.82625,-83.19551667,5.66,partly cloudy,2.5,26.11264894,229.4981135,1.597324113,67.10812411,7.242717021,206.5669504,0.7,bdl,bdl,0.70737096,7.63,ns,ns
8/5/2024,WE6,2.82,1,Surface,11:29,11:39,41.70593333,-83.38618333,7.72,cloudy,0.75,27.21338333,375.6246515,5.131975758,27.74720606,7.469800758,120.4078333,20.91,2.76,0.3,15.39937332,58.14,ns,ns
8/5/2024,WE8,4.767,1,Surface,8:15,8:37,41.83431667,-83.36111667,6.17,partly cloudy,1,27.46887212,294.3053273,4.008375152,36.71219879,7.792089091,88.46433333,5.77,2.11,0.17,8.5337148,33.26,ns,ns
8/5/2024,WE8,,4,Bottom,,,,,,,,27.44163,295.1132,3.85472,38.15423,8.75334,3.5918,ns,2.46,0.15,8.9385486,35.24,ns,ns
8/5/2024,WE9,2.331,1,Surface,11:48,11:58,41.71761667,-83.42455,6.69,cloudy,0.75,27.54165066,476.6565987,6.941009868,17.64214737,6.691132895,83.09823684,10.14,2.67,0.31,35.75743524,67.43,ns,ns
8/5/2024,WE12,6.453,1,Surface,10:45,10:57,41.70216667,-83.25326667,5.66,cloudy,1,26.59118609,335.2036689,4.115045033,35.75786556,7.407350331,248.7657616,2.98,2.99,0.25,13.83612228,35.83,ns,ns
8/5/2024,WE12,,6,Bottom,,,,,,,,26.66150909,334.4116364,3.884672727,37.8653,8.406654545,1.785063636,ns,2.54,0.16,8.5229346,35.2,ns,ns
8/5/2024,WE13,8.763,1,Surface,9:40,9:57,41.7427,-83.13731667,5.14,partly cloudy,1.5,26.23884579,264.8870579,2.462677368,54.03048632,7.592965789,304.758,2.33,0.49,bdl,4.37836128,17.85,ns,ns
8/5/2024,WE13,,8,Bottom,,,,,,,,26.19406667,263.2505,2.46865,53.94858333,8.147966667,3.8018,ns,0.15,bdl,6.26848968,16.63,ns,ns
8/5/2024,WE16,5.849,1,Surface,10:15,10:26,41.65895,-83.1464,6.17,partly cloudy,1.75,26.53220657,304.1724672,2.149963504,58.44670803,6.89360146,424.9637226,1.49,0.33,0.19,4.21827192,14.35,ns,ns
8/12/2024,WE2,5.338,1,Surface,12:47,,41.76211667,-83.3302,1.03,partly cloudy,1.25,23.74272714,278.1607,3.543354286,41.27835286,7.482102857,1039.581786,5.78,3.02,bdl,6.51191202,27.86,ns,ns
8/12/2024,WE2,,5,Bottom,,,,,,,,23.259375,280.210125,4.0341,36.484075,8.1971,29.276625,ns,1.88,bdl,10.19531313,32.72,ns,ns
8/12/2024,WE4,8.151,1,Surface,9:05,9:15,41.82691667,-83.19685,4.12,clear,2.75,23.23956116,233.9434132,1.919690083,61.88370744,7.247577686,591.7553719,2.07,0.34,bdl,1.5217371,16.02,ns,ns
8/12/2024,WE6,3.042,1,Surface,11:42,11:55,41.70696667,-83.38585,2.57,clear,1,22.71079126,316.8722514,6.947912022,17.66353552,8.728980874,412.2713115,15.64,10.57,0.13,11.60239026,72.32,ns,ns
8/12/2024,WE8,4.867,1,Surface,8:12,8:40,41.83441667,-83.35911667,3.6,clear,2.25,23.00158759,244.7783504,1.986465693,60.85898102,7.047784672,77.03281752,5.13,0.73,bdl,2.33887174,14.75,ns,ns
8/12/2024,WE8,,4,Bottom,,,,,,,,23.21687,247.3207,1.96315,61.21444,8.16309,14.4858,ns,0.78,bdl,3.27969166,14.57,ns,ns
8/12/2024,WE9,2.569,1,Surface,12:05,12:16,41.71776667,-83.4235,1.54,clear,0.75,22.87698214,358.0035,7.268597619,16.26578452,8.487067857,403.8395655,30.51,10.02,0.14,15.40381422,68.09,ns,ns
8/12/2024,WE12,6.45,1,Surface,10:46,11:07,41.70231667,-83.26246667,3.09,clear,1,23.01398773,364.8127423,7.208364417,16.51675153,8.001970552,74.19800613,18.87,1.65,0.16,10.30544745,58.41,ns,ns
8/12/2024,WE12,,6,Bottom,,,,,,,,22.94538889,370.6053333,6.6556,18.94064444,8.431022222,0.076745667,ns,3.52,0.22,14.78805801,50.61,ns,ns
8/12/2024,WE13,8.765,1,Surface,9:37,9:53,41.74338333,-83.13655,4.12,clear,0.75,23.53425347,326.0037986,9.474495833,9.363161111,6.956454861,230.3480278,18.3,3.77,0.22,4.86853833,37.53,ns,ns
8/12/2024,WE13,,8,Bottom,,,,,,,,23.80417,329.1452,9.25127,9.89852,7.71476,4.01E-05,ns,5.2,0.15,3.41073663,36.61,ns,ns
8/12/2024,WE16,5.84,1,Surface,10:13,10:25,41.65888333,-83.14843333,4.12,clear,1.25,23.14710211,280.8819648,4.107316901,35.81872746,7.169445775,813.1795775,8.64,5.6,0.24,2.99978049,24.23,ns,ns
8/12/2024,2024.1,,0,Scum,,,41.71163333,-83.39943333,,,,ns,ns,ns,ns,ns,ns,ns,41.52,0.24,45.10553652,251.16,ns,ns
8/21/2024,WE2,5.714,1,Surface,12:26,12:43,41.7621,-83.33251667,3.08667,clear,0.75,22.38245225,278.6336847,7.80200991,14.82615766,nd,1554.09009,20.73,1.82,bdl,18.43480644,72.74,ns,ns
8/21/2024,WE2,,5,Bottom,,,,,,,,21.99723636,282.1927273,9.521681818,9.254763636,nd,0.195024,ns,1.99,0.3,9.15034224,67.91,ns,ns
8/21/2024,WE4,8.614,1,Surface,9:45,10:00,41.82613333,-83.1962,5.1444,clear,2.5,22.14198403,228.3839236,2.722534722,53.61084236,nd,713.2139583,1.21,0.14,0.17,0.7759032,5.41,ns,ns
8/21/2024,WE6,3.223,1,Surface,11:22,11:36,41.70673333,-83.38691667,4.63,clear,0.5,21.40803784,295.4082162,15.15326216,3.433094595,nd,1498.092703,32.28,2.58,0.15,14.21134104,69.03,ns,ns
8/21/2024,WE8,5.215,1,Surface,9:05,9:17,41.8331,-83.3607,7.20222,clear,1,22.4817925,257.472075,6.3089,22.3149025,nd,755.761,10.13,3.94,0.31,5.54010072,25.81,ns,ns
8/21/2024,WE8,,4,Bottom,,,,,,,,22.73551818,259.842,5.644372727,24.38825455,nd,3.676290909,ns,4.89,0.25,7.70247324,27.11,ns,ns
8/21/2024,WE9,2.711,1,Surface,11:51,12:06,41.71848333,-83.42508333,4.11556,clear,0.5,21.35673077,266.5690288,9.343081731,9.846786538,nd,1746.352885,16.11,5.2,0.16,4.19710024,31.79,ns,ns
8/21/2024,WE12,6.466,1,Surface,10:25,10:45,41.70568333,-83.25586667,6.17333,clear,0.5,21.99314286,308.1719286,17.3234881,2.71232619,nd,1034.210214,33.6,5.71,bdl,8.23482528,74.39,ns,ns
8/21/2024,WE12,,6,Bottom,,,,,,,,22.19364091,309.2733636,15.75318636,1.9485,nd,4.27E-05,ns,2.19,bdl,7.64637552,77.17,ns,ns
8/26/2024,WE2,5.706,1,Surface,12:54,13:15,41.762133,-83.330532,1.54,partly cloudy,1,24.89444545,280.2717273,8.304527273,15.57445455,nd,3901.2,13.9,1.65,0.29,11.18129395,27.56,ns,ns
8/26/2024,WE2,,5,Bottom,,,,,,,,22.68403125,288.4705,6.18501875,21.316475,nd,4.92555,ns,3.75,0.21,3.43984656,35.75,ns,ns
8/26/2024,WE4,8.791,1,Surface,9:04,9:24,41.826023,-83.194523,3.09,haze,1.75,24.08836632,247.2922316,5.088756842,30.19961368,nd,3297.316842,3.97,2.69,0.2,4.761452976,26,ns,ns
8/26/2024,WE6,3.155,1,Surface,11:50,12:06,41.705193,-83.386027,0.67,haze,0.75,25.09665152,306.1476848,8.689012121,11.46793273,nd,1972.347273,17.89,2.02,0.26,3.362202,34.84,ns,ns
8/26/2024,WE8,5.29,1,Surface,8:11,8:40,41.834043,-83.359143,2.57,haze,1.5,23.97791835,265.1778349,4.937561468,29.40568716,nd,274.0848624,6.47,0.34,0.25,2.127363312,14.62,ns,ns
8/26/2024,WE8,,5,Bottom,,,,,,,,22.94378333,270.8681667,5.02405,28.4882,nd,4.012766667,ns,0.18,0.19,1.26628704,11.28,ns,ns
8/26/2024,WE9,2.922,1,Surface,12:19,12:35,41.717935,-83.423802,0.77,partly cloudy,0.5,25.54563529,374.4704265,10.41514926,7.489005882,nd,1408.011176,22.15,3.66,0.29,14.2284176,67.61,ns,ns
8/26/2024,WE12,6.902,1,Surface,10:54,11:15,41.701053,-83.254515,1.54,haze,0.5,24.22687557,298.5081534,8.014607955,13.72502045,nd,1730.405682,28.88,3.73,0.29,5.72276296,46.99,ns,ns
8/26/2024,WE12,,5,Bottom,,,,,,,,22.26548,296.8359,6.36141,20.46076,nd,0.0969919,ns,1.69,0.15,3.49175424,23.27,ns,ns
8/26/2024,WE13,9.232,1,Surface,9:44,10:05,41.741995,-83.135548,1.54,partly cloudy,1.5,23.75193577,280.3012263,5.663437956,24.70804088,nd,1284.769854,14.75,2.95,0.23,10.02285592,34.71,ns,ns
8/26/2024,WE13,,8,Bottom,,,,,,,,22.65,254.7764,4.66173,31.18079,nd,0.0959686,ns,0.9,0.22,1.46082784,13.84,ns,ns
8/26/2024,WE16,6.253,1,Surface,10:21,10:34,41.659362,-83.145037,1.03,haze,1.78,23.74963798,270.5133178,3.892455039,38.40386434,nd,1631.765271,6.06,1.22,0.26,7.4979568,14.88,ns,ns
9/3/2024,WE2,5.503,1,Surface,12:06,12:19,41.76185,-83.32996667,2.06,clear,1,23.06306,267.2579,7.10462,17.80226,nd,3448.53,8.32,2.03,0.29,8.000513,21.53,ns,ns
9/3/2024,WE2,,5,Bottom,,,,,,,,22.91742353,277.9155294,6.904082353,17.93002941,nd,7.963182353,ns,1.62,0.33,8.5149342,23.27,ns,ns
9/3/2024,WE4,9.075,1,Surface,8:39,8:48,41.82623333,-83.1951,5.66,clear,3,22.78561818,226.2449091,5.756027273,28.73441818,nd,1625.329091,1.39,0.21,bdl,0.75761076,4.03,ns,ns
9/3/2024,WE6,3.337,1,Surface,11:02,11:15,41.70626667,-83.3843,2.57,clear,0.25,22.5975,316.9939167,24.54884167,3.721966667,nd,2745.283333,55.7,1.81,0.37,21.69303714,62.73,ns,ns
9/3/2024,WE8,5.365,1,Surface,7:58,8:11,41.8325,-83.36123333,5.14,clear,1,22.99888797,270.680391,7.073199248,17.31219774,nd,198.7111128,7.73,0.24,0.17,3.673969,21.15,ns,ns
9/3/2024,WE8,,4,Bottom,,,,,,,,23.34573529,272.1251765,6.832111765,18.12291176,nd,0.72716,ns,0.37,0.19,6.32911644,20.63,ns,ns
9/3/2024,WE9,2.935,1,Surface,11:35,11:46,41.71826667,-83.42296667,3.09,clear,0.5,22.686,358.356875,16.6346625,1.5677625,nd,3131.4875,26.4,5.44,0.34,34.82245516,74.09,ns,ns
9/3/2024,WE12,7.006,1,Surface,10:17,10:29,41.70148333,-83.25255,3.6,clear,0.5,22.89389167,292.7414167,8.809866667,12.11139167,nd,3156.075,15.1,2.4,0.3,5.40972132,29.43,ns,ns
9/3/2024,WE12,,5,Bottom,,,,,,,,22.93724167,292.4786667,9.288016667,9.807816667,nd,0.000111119,ns,2.58,0.37,5.72956556,27.98,ns,ns
9/3/2024,WE13,9.327,1,Surface,9:11,9:27,41.74278333,-83.1369,5.14,clear,0.5,22.93463333,263.3935833,11.23295833,11.333375,nd,980.2566667,12.6,1.83,0.24,5.023189,16.93,ns,ns
9/3/2024,WE13,,8,Bottom,,,,,,,,23.23245,263.374,9.17855,10.07996,nd,5.50E-05,ns,1.74,0.23,3.0695546,17.57,ns,ns
9/3/2024,WE16,6.383,1,Surface,9:47,9:58,41.65933333,-83.14503333,4.12,clear,1,22.77015833,268.3366667,9.293975,12.66585,nd,3755.141667,5.93,0.4,0.19,3.63020636,23.82,ns,ns
9/3/2024,2024.2,,0,Scum,11:28,11:32,41.71703333,-83.41671667,2.57,clear,,ns,ns,ns,ns,ns,ns,ns,30.28,0.43,293.4810733,481.58,ns,ns
9/10/2024,WE2,5.515,1,Surface,12:00,12:09,41.76211667,-83.33075,2.57222,clear,1.25,20.97492727,291.7151818,6.645181818,21.12606364,nd,3011.245455,10.26,0.47,0.26,4.684302,13.11,ns,ns
9/10/2024,WE2,,5,Bottom,,,,,,,,19.68495833,293.3136667,6.419933333,20.09095833,nd,5.802375,ns,0.32,0.26,3.67687536,19.51,ns,ns
9/10/2024,WE4,8.414,1,Surface,8:45,8:55,41.82655,-83.19573333,3.08667,clear,3,20.629175,243.472375,3.7473,46.448325,nd,257.12,1.74,0.34,bdl,0.45808392,5.56,ns,ns
9/10/2024,WE6,3.088,1,Surface,11:04,11:14,41.70666667,-83.38385,1.02889,clear,0.75,19.94064545,306.9643636,8.0608,14.03407273,nd,1990.756364,11.81,0.38,0.51,3.75180792,29.18,ns,ns
9/10/2024,WE8,4.932,1,Surface,8:04,8:17,41.8333,-83.36101667,2.57222,clear,1.25,20.59762143,276.7695,5.722728571,25.4412,nd,221.6192857,6.36,0.5,0.14,2.7174918,19.38,ns,ns
9/10/2024,WE8,,4,Bottom,,,,,,,,20.71300556,277.6277778,4.947633333,29.02931111,nd,2.683811111,ns,0.42,0.15,4.14609204,19.38,ns,ns
9/10/2024,WE9,2.754,1,Surface,11:32,11:40,41.71766667,-83.42358333,2.05778,clear,0.75,20.21342105,331.5186947,7.779745263,14.45529684,nd,1611.115789,18.31,1.71,0.25,16.41635976,47.01,ns,ns
9/10/2024,WE12,6.762,1,Surface,10:18,10:27,41.70143333,-83.25285,2.57222,clear,1,20.65195225,278.680955,7.212606306,16.82923514,nd,1389.423423,10.97,0.87,0.22,6.23473884,17.7,ns,ns
9/10/2024,WE12,,6,Bottom,,,,,,,,20.45958462,279.3726923,7.042038462,17.19639231,nd,0.33772,ns,1.11,0.24,5.84181072,18.74,ns,ns
9/10/2024,WE13,8.943,1,Surface,9:18,9:28,41.73703333,-83.13046667,2.57222,partly cloudy,1.25,20.91926429,228.4565,5.930371429,26.47548571,nd,1902.682857,4.34,0.29,0.15,0.27686808,7.34,ns,ns
9/10/2024,WE13,,8,Bottom,,,,,,,,20.94994286,229.423,4.278835714,34.31490714,nd,1.78715,ns,0.24,0.15,0.35512962,7.14,ns,ns
9/10/2024,WE16,6.049,1,Surface,9:47,9:57,41.65893333,-83.1456,2.57222,clear,1.25,20.56762308,268.8256154,7.488546154,17.87393077,nd,347.7376923,9.09,1.2,0.19,4.68329856,16.17,ns,ns
9/10/2024,2024.3,,0,Scum,11:19,11:25,41.71336667,-83.40395,1.02889,clear,,ns,ns,ns,ns,ns,ns,ns,8,0.31,758.3169648,516.02,ns,ns
9/16/2024,WE2,5.452,1,Surface,12:01,12:12,41.76176667,-83.32991667,4.11556,clear,0.75,22.16663,309.7339,11.2729,7.1723,nd,3370.87,14.53,0.49,0.32,10.25782812,32.94,ns,ns
9/16/2024,WE2,,5,Bottom,,,,,,,,22.03177273,312.3338182,10.60269091,7.069936364,nd,0.744663636,ns,0.6,0.28,9.0093996,33.2,ns,ns
9/16/2024,WE4,8.723,1,Surface,8:47,9:00,41.82593333,-83.19516667,3.60111,clear,2.25,21.80974296,243.2582606,3.421552113,44.12607465,nd,587.130493,2.41,0.57,0.13,6.14196132,10.98,ns,ns
9/16/2024,WE6,3.142,1,Surface,11:07,11:18,41.70523333,-83.38561667,2.57222,clear,0.5,22.15796087,314.0745714,13.66874286,3.295208696,nd,1803.192547,29.87,0.64,0.21,6.06583548,29.12,ns,ns
9/16/2024,WE8,5.327,1,Surface,8:07,8:21,41.8334,-83.35803333,2.57222,clear,1,22.18272235,259.6621843,6.384336471,20.39135961,nd,205.0924902,13.39,1.5,0.29,9.28381332,23.52,ns,ns
9/16/2024,WE8,,4,Bottom,,,,,,,,22.24771538,259.6967692,6.173938462,21.36452308,nd,1.302573846,ns,1.18,0.22,7.70205288,23.91,ns,ns
9/16/2024,WE9,2.944,1,Surface,11:28,11:40,41.71726667,-83.42386667,4.11556,clear,0.5,23.14685,380.1670833,14.54393333,3.482725,nd,2826.35,27.9,2.61,0.3,38.854146,71.21,ns,ns
9/16/2024,WE12,6.891,1,Surface,10:24,10:36,41.70173333,-83.25395,2.05778,clear,1,21.82245833,294.642,9.481158333,12.93220833,nd,3081.441667,8.84,1.01,0.14,4.00883772,17.3,ns,ns
9/16/2024,WE12,,6,Bottom,,,,,,,,21.76395,293.3740833,6.259033333,20.914475,nd,1.1903125,ns,0.61,0.1,3.4622748,17.22,ns,ns
9/16/2024,WE13,9.244,1,Surface,9:21,9:35,41.74193333,-83.1354,4.11556,clear,1.25,21.66934,237.3440667,9.660773333,13.19309333,nd,794.9766667,7.34,0.35,0.21,2.09167068,11.9,ns,ns
9/16/2024,WE13,,8,Bottom,,,,,,,,21.74355,237.5184167,5.674883333,24.202375,nd,0.15301,ns,0.21,0.23,1.75165368,11.94,ns,ns
9/16/2024,WE16,6.201,1,Surface,9:53,10:04,41.65868333,-83.14488333,3.60111,clear,1.25,21.62567143,284.1403571,7.302914286,18.02392143,nd,1762.635714,8.15,0.4,0.1,2.2205178,15.56,ns,ns
9/23/2024,WE2,5.551,1,Surface,12:01,12:12,41.76195,-83.32998333,5.14444,cloudy,1,22.43678704,300.1740556,8.018066667,14.13638889,nd,295.6118519,11.11,0.34,0.51,11.15721546,23.56,ns,ns
9/23/2024,WE2,,5,Bottom,,,,,,,,22.58755333,301.8496667,7.122346667,16.86456,nd,0.550022,ns,0.43,0.36,14.21617518,24.83,ns,ns
9/23/2024,WE4,8.442,1,Surface,8:54,9:06,41.82651667,-83.19508333,5.65889,cloudy,3,22.38627667,227.0768,7.759246667,26.34969,nd,69.8294,1.25,bdl,0.16,0.23120478,2.81,ns,ns
9/23/2024,WE6,2.815,1,Surface,11:10,11:22,41.7045,-83.38698333,3.08667,drizzle,0.5,22.19720917,326.6575583,11.34253917,5.875291667,nd,392.191,28.69,bdl,0.25,9.8435769,32.24,ns,ns
9/23/2024,WE8,4.987,1,Surface,8:11,8:27,41.83338333,-83.36018333,5.14444,cloudy,1,23.06723846,259.9216923,6.253076923,23.68716923,nd,62.97130769,7.16,1.06,0.11,8.13211506,18.63,ns,ns
9/23/2024,WE8,,4,Bottom,,,,,,,,23.15575385,261.0256923,5.098838462,27.95151538,nd,0.622221539,ns,2.12,0.22,8.15541114,19.26,ns,ns
9/23/2024,WE9,2.662,1,Surface,11:30,11:43,41.71776667,-83.4229,3.60111,cloudy,0.5,22.69281667,372.7071667,12.57200833,4.335275,nd,727.18,21.72,1.04,0.33,16.27340346,45.92,ns,ns
9/23/2024,WE12,6.723,1,Surface,10:34,10:46,41.70338333,-83.25413333,3.60111,showers,ns,22.28925455,289.9867273,7.6816,15.99992727,nd,99.94954545,9.4,0.23,0.2,4.17601218,18.02,ns,ns
9/23/2024,WE12,,6,Bottom,,,,,,,,22.44271818,292.3855455,6.262863636,20.89395455,nd,0.067358,ns,0.15,0.28,3.5035989,16.32,ns,ns
9/23/2024,WE13,9.08,1,Surface,9:28,9:39,41.74268333,-83.13596667,5.14444,cloudy,1,22.20018947,260.9127895,13.49618947,6.901326316,nd,250.5558421,10.53,0.39,0.27,6.57206418,14.19,ns,ns
9/23/2024,WE13,,8,Bottom,,,,,,,,22.34396316,261.2867895,6.969726316,17.51052105,nd,9.95E-05,ns,0.3,0.27,5.05552734,14.65,ns,ns
9/23/2024,WE16,5.987,1,Surface,10:00,10:13,41.65845,-83.14628333,5.65889,showers,ns,22.09269091,281.5406364,6.347527273,26.41876364,nd,209.2081818,7.88,0.15,0.16,1.6056057,11.35,ns,ns
10/1/2024,WE2,4.979,1,Surface,13:02,13:16,41.76166667,-83.33121667,0.6,cloudy,ns,21.23637338,269.9617122,12.93591439,3.948496403,nd,702.9389209,26.73,0.42,bdl,3.10559934,14.2,ns,ns
10/1/2024,WE2,,4,Bottom,,,,,,,,20.93861538,300.5523846,18.52765385,0.978984615,nd,0.128837692,ns,0.63,0.11,2.9633007,17.47,ns,ns
10/1/2024,WE4,8.5,1,Surface,9:33,9:55,41.8255,-83.1955,1,cloudy,0.75,ns,ns,ns,ns,ns,ns,17.09,0.23,bdl,0.54903762,8.24,ns,ns
10/1/2024,WE6,2.711,1,Surface,12:04,12:20,41.70573333,-83.38518333,2,partly cloudy,0.25,21.02461429,294.9357143,27.29315714,0.108857143,nd,129.0372857,67.2,0.14,0.17,0.59392122,13.04,ns,ns
10/1/2024,WE8,4.84,1,Surface,8:47,9:05,41.8329,-83.3594,0.5,cloudy,0.25,20.91246,313.8256,15.55908,2.04516,nd,45.1327,36.16,0.5,0.16,5.0448285,27.97,ns,ns
10/1/2024,WE8,,4,Bottom,,,,,,,,20.91364,314.0122,15.70191,1.97374,nd,2.24E-05,ns,0.66,0.15,4.16406582,26.02,ns,ns
10/1/2024,WE9,2.482,1,Surface,,12:35,,,,cloudy,0.25,21.17745,288.538625,27.2184625,0.1122,nd,216.7175,54.78,0.44,0.23,1.0944615,19.34,ns,ns
10/1/2024,WE12,6.428,1,Surface,11:27,11:43,41.70355,-83.25346667,0.5,partly cloudy,0.25,21.12323521,278.2722535,22.72780563,0.34093662,nd,1884.183099,47.84,bdl,0.16,0.5712489,11.79,ns,ns
10/1/2024,WE12,,6,Bottom,,,,,,,,21.08519091,279.4331818,23.88842727,0.255145455,nd,1.18E-05,ns,bdl,0.15,0.89949582,12.83,ns,ns
10/1/2024,WE13,9,1,Surface,10:18,10:36,41.74266667,-83.13628333,0.8,cloudy,0.25,ns,ns,ns,ns,ns,ns,34.97,bdl,0.14,0.36348484,9.16,ns,ns
10/1/2024,WE13,,8,Bottom,,,,,,,,ns,ns,ns,ns,ns,ns,ns,0.12,0.13,0.48566157,9.1,ns,ns
10/1/2024,WE16,5.817,1,Surface,10:53,11:07,41.66001667,-83.14568333,1,cloudy,1,21.39849945,269.1925138,5.047072928,28.31730387,nd,485.0962983,9.71,bdl,0.12,1.11083068,10.94,ns,ns
10/8/2024,WE2,5.07,1,Surface,14:01,14:17,41.76221667,-83.3331,1.54333,clear,0.25,19.13977204,280.9385699,9.309727957,9.754995699,nd,1529.298495,18.98,0.3,0.32,2.738051472,10.88,70575,bdl
10/8/2024,WE2,,4,Bottom,,,,,,,,18.46421429,280.5831429,8.9261,10.74288571,nd,2.147028571,ns,bdl,0.28,1.214015952,8.42,ns,ns
10/8/2024,WE4,8.113,1,Surface,10:40,10:59,41.82698333,-83.19531667,3.08667,partly cloudy,1,18.46251393,288.181,4.99614918,28.67924098,nd,1040.157869,9.23,bdl,0.4,1.35368802,9.6,78038,bdl
10/8/2024,WE6,2.822,1,Surface,13:06,13:21,41.70873333,-83.38181667,1.54333,clear,1,17.69373926,319.3822519,6.388691111,20.2952163,nd,128.2373556,11.39,0.83,0.59,4.31984988,15.55,277633,96
10/8/2024,WE6,,0,Scum,,,,,,,,ns,ns,ns,ns,ns,ns,ns,55.31,0.36,562.5319896,241.58,ns,ns
10/8/2024,WE8,4.732,1,Surface,8:52,9:30,41.8332,-83.35826667,1.9,partly cloudy,1,18.98491111,297.7925556,5.5579,24.9207,nd,211.7444444,8.67,0.74,0.4,8.99236824,38.14,175552,286
10/8/2024,WE8,,4,Bottom,,,,,,,,18.80361,296.0376,5.26783,26.79627,nd,2.45302,ns,0.71,0.34,8.3993352,36.49,ns,ns
10/8/2024,WE9,2.366,1,Surface,13:31,13:47,41.71831667,-83.42215,1.54333,clear,0.5,18.22126875,304.1004018,11.26620446,5.98273125,nd,1589.696696,19.99,0.32,0.36,9.14871504,28.69,106375,304
10/8/2024,WE12,6.362,1,Surface,12:26,12:40,41.70211667,-83.25426667,2.57222,clear,1,18.60322087,262.6931304,7.865793043,13.99626174,nd,1414.241217,13.63,0.14,0.32,7.8776142,24.62,105426,132
10/8/2024,WE12,,6,Bottom,,,,,,,,18.46057143,264.2457143,8.361042857,12.36795714,nd,0.436452857,ns,0.21,0.21,4.9570614,23.72,ns,ns
10/8/2024,WE13,5.657,1,Surface,11:18,11:38,41.74313333,-83.13643333,3.08667,partly cloudy,0.5,18.70706589,262.069062,6.153303101,21.47445271,nd,109.718876,10.3,bdl,0.23,5.47348044,22.26,52014,bdl
10/8/2024,WE13,,9,Bottom,,,,,,,,18.9834875,265.25425,6.5248625,19.5814,nd,0.011056963,ns,bdl,0.23,4.37495772,18.72,ns,ns
10/8/2024,WE16,5.9,1,Surface,11:55,12:07,41.6613,-83.14551667,3.08667,clear,ns,18.30877008,253.8812205,4.785773228,30.2332126,nd,1234.192913,8.32,0.13,0.23,15.95325864,26.78,131100,bdl
10/17/2024,WE2,5.474,1,Surface,13:25,13:36,41.76218333,-83.33056667,1.02889,clear,3,14.3727125,240.10025,4.9066875,32.396525,nd,2889.25,3.96,bdl,0.1,0.585664875,4.51,51906,50
10/17/2024,WE2,,4,Bottom,,,,,,,,14.37807778,239.6378889,3.9732,37.03523333,nd,140.3411111,ns,bdl,0.12,0.406446084,4.04,ns,ns
10/17/2024,WE4,8.473,1,Surface,10:09,10:21,41.82635,-83.19598333,0.514444,clear,3,14.1918,224.7141,5.25495,39.07106,nd,290.785,1.98,bdl,bdl,0.046745388,2.22,9285,bdl
10/17/2024,WE6,3.036,1,Surface,12:24,12:38,41.70668333,-83.3842,1.02889,clear,1,12.3136375,342.215125,8.3299125,15.671525,nd,2225.1875,9.93,bdl,0.18,0.999987624,12.24,143669,39
10/17/2024,WE6,,0,Scum,,,,,,,,ns,ns,ns,ns,ns,ns,ns,1.53,0.22,814.7624988,81.88,ns,ns
10/17/2024,WE8,4.953,1,Surface,9:21,9:43,41.83316667,-83.36165,2.57222,clear,1.75,14.28656767,300.4903534,3.638021805,42.17735188,nd,645.3445113,4.83,bdl,0.13,0.578783175,8.88,95966,31
10/17/2024,WE8,,4,Bottom,,,,,,,,14.57663333,303.2101667,3.353333333,43.24324167,nd,31.60866667,ns,bdl,0.11,0.425493816,9.19,ns,ns
10/17/2024,WE9,2.589,1,Surface,12:54,13:03,41.71788333,-83.42403333,2.05778,clear,1,12.89576,392.02,9.01028,11.39284,nd,1651.33,12.24,bdl,0.15,1.122759864,11,92755,91
10/17/2024,WE12,6.699,1,Surface,11:48,11:58,41.70215,-83.25363333,2.05778,clear,1,14.21087,301.4808,7.87505,15.2753,nd,2603.01,9.9,bdl,0.19,0.906559224,8.35,72155,76
10/17/2024,WE12,,6,Bottom,,,,,,,,14.17106667,301.0221111,6.653822222,18.94865556,nd,2.005744444,ns,bdl,0.2,1.093605864,8.37,ns,ns
10/17/2024,WE13,9.115,1,Surface,10:43,10:53,41.74361667,-83.13616667,2.05778,clear,1.5,14.58800909,239.321,7.275081818,22.03433636,nd,379.8190909,6.37,bdl,bdl,0.382410984,3.57,25791,53
10/17/2024,WE13,,8,Bottom,,,,,,,,14.78388889,240.8698889,5.168022222,27.47676667,nd,1.087418889,ns,bdl,bdl,0.110543832,3.58,ns,ns
10/17/2024,WE16,6.111,1,Surface,11:16,11:25,41.65927333,-83.14453333,2.57222,clear,1,14.0545,295.7287,8.08314,14.71362,nd,253.154,9.96,bdl,0.18,0.637989864,6.6,67808,bdl
10/24/2024,WE2,5.229,1,Surface,11:52,12:09,41.76283333,-83.3308,1.6,clear,1.5,14.09975396,283.4379353,5.073198561,28.19363022,nd,751.7556835,9.16,bdl,0.19,1.06973484,9.42,28749,bdl
10/24/2024,WE2,,5,Bottom,,,,,,,,14.29287826,290.6038696,4.480330435,32.62885652,nd,11.38321739,ns,bdl,0.17,0.31965666,5.1,ns,ns
10/24/2024,WE6,2.525,1,Surface,10:57,11:10,41.7055,-83.38493333,1.4,clear,1,14.07273657,364.5709328,6.179653731,21.35599403,nd,81.64109701,12.47,bdl,0.16,0.5635536,9.22,51826,bdl
10/24/2024,WE8,5.173,1,Surface,9:25,9:42,41.83706667,-83.3427,2.2,clear,2,14.2918252,269.994937,2.427225984,54.50940787,nd,393.4700787,4.03,bdl,0.16,0.5500275,5.57,36692,bdl
10/24/2024,WE8,,4,Bottom,,,,,,,,14.34743571,270.1968571,2.497371429,53.56239286,nd,27.46407143,ns,bdl,0.12,0.61726024,4.82,ns,ns
10/24/2024,WE9,2.246,1,Surface,11:19,11:32,41.71773333,-83.42378333,1.1,clear,0.5,13.991325,366.0945764,10.27098264,7.674990972,nd,81.10878472,17.3,bdl,0.14,0.13290834,10.45,45017,bdl
10/24/2024,WE12,6.248,1,Surface,10:17,10:32,41.70395,-83.25598333,1.5,clear,1.5,14.08870992,235.602626,4.624322901,31.4746916,nd,382.2580153,7.3,bdl,bdl,0.88759692,12.58,44692,bdl
10/24/2024,WE12,,5,Bottom,,,,,,,,14.42845455,236.919,4.599409091,31.67258182,nd,4.193072727,ns,bdl,0.12,0.69549579,12.42,ns,ns
