date,station_name,station_depth_m,sample_depth_m,sample_depth_category,time,lat,lon,wind_speed,sky,secchi_depth,ctd_temp,ctd_specific_conductivity,ctd_beam_attenuation,ctd_transmission,ctd_dissolved_oxygen,ctd_par,turbidity,particulate_microcystin,dissolved_microcystin,extracted_phycocyanin,extracted_chla,total_cyano_genes,mcye_genes,total_p,total_dissolved_p,soluble_reactive_p,ammonia,nitrate_nitrite,particulate_organic_c,particulate_organic_n,cdom,tss,vss
4/25/2022,WE2,5.47,0.75,Surface,13:22,41.7621,-83.3301,5.05,raining,0.5,10.4,315.7,9.3,9.8,10.29,248.1,16.2,<0.1,0.25,0.53,8.13,,,58.89,29.02,13.74,38.69,0.878,0.99,0.14,1.88,16.66,2.32
4/25/2022,WE2,,4.7,Bottom,,,,,,,9.9,312.4,7.1,17,8.38,0.2,,<0.1,0.11,0.17,5.25,,,,,,,,,,,,
4/25/2022,WE4,8.35,0.75,Surface,9:32,41.8266,-83.1951,5.05,overcast,2,8.2,251.5,1.7,65.4,11.11,188.5,2.98,<0.1,<0.1,0.11,2.4,,,17.64,10.16,2.45,44.5,0.386,0.39,0.03,0.27,3.78,0.7
4/25/2022,WE6,2.75,0.75,Surface,12:25,41.705,-83.3855,2.92,raining,0.5,14,568.4,9.2,10.1,9.7,186,14.6,<0.1,0.2,10.15,56.55,,,76.84,21.27,2.07,10.73,1.948,2.63,0.43,2.3,17.96,4.84
4/25/2022,WE8,4.91,0.75,Surface,8:33,41.8344,-83.3593,9.91,overcast,1.25,10.4,355.5,2.5,54.2,10.08,36.6,5.72,<0.1,0.13,0.24,2.77,,,34.05,21.03,8.55,37.73,0.649,0.81,0.03,0.68,5.44,1.04
4/25/2022,WE8,,4.2,Bottom,,,,,,,10.4,354.6,2.1,59.1,7.26,1.8,,<0.1,0.15,0.1,2.63,,,,,,,,,,,,
4/25/2022,WE9,2.55,0.75,Surface,12:51,,,6.03,,0.5,12.6,517.1,9.5,9.2,9.81,149.4,16.5,<0.1,<0.1,3.67,45.34,,,72.04,17.78,4.7,9.78,1.7,2.24,0.33,1.94,19.16,4.36
4/25/2022,WE12,6.5,0.75,Surface,11:39,41.7028,-83.2544,4.08,overcast,,10.1,337.5,6.8,18.5,10.37,250.2,12,<0.1,0.17,0.38,14.33,,,42.62,18.05,7.87,24.72,0.729,0.86,0.12,0.86,12.52,1.94
4/25/2022,WE12,,6,Bottom,,,,,,,9.6,317.3,8.5,11.9,7.56,0.1,,<0.1,0.25,0.24,4.88,,,,,,,,,,,,
4/25/2022,WE13,8.82,0.75,Surface,10:19,41.7441,-83.1369,2.92,overcast,2.5,8.8,279.9,1.4,70.6,10.78,168.6,2.37,<0.1,0.21,0.12,4.25,,,18.56,8.23,3.11,44.63,0.393,0.38,0.03,0.33,3.24,0.72
4/25/2022,WE13,,8.4,Bottom,,,,,,,8.3,284.1,2.1,59.9,8.51,5.1,,<0.1,0.21,0.09,3.51,,,,,,,,,,,,
4/25/2022,WE16,5.8,0.75,Surface,11:00,41.658,-83.1442,2.92,raining,0.75,9.8,342.9,5.5,25.1,10.22,155.1,12.3,<0.1,0.24,0.11,4.38,,,51.83,37.5,20.24,39.49,1.102,0.73,0.06,1.19,10.4,1.16
5/24/2022,WE2,5.62,0.75,Surface,13:52,41.7627,-83.3297,7,clear,0.25,18,292.6,6.7,18.7,8.54,2007,9.5,<0.1,<0.1,bdl,5.66,,,34.1,14.47,2.92,29.96,0.398,0.65,0.07,0.59,13.6,1.72
5/24/2022,WE2,,4.9,Bottom,,,,,,,17.6,293.7,8.4,12.3,7.9,2.9,,<0.1,<0.1,0.17,4.91,,,,,,,,,,,,
5/24/2022,WE4,8.43,0.75,Surface,11:09,41.8278,-83.1958,11.08,clear,2.5,15.8,241.9,2.3,59.4,9.33,1762.8,2.79,<0.1,0.12,0.12,3.77,,,12.91,8.65,0.68,54.06,0.194,0.38,0.03,0.18,3.94,0.74
5/24/2022,WE6,3.06,0.75,Surface,12:49,41.7053,-83.3848,9.91,clear,0.25,18.5,425.1,21.6,0.5,9.47,790.7,35,<0.1,0.11,1.08,99.94,,,113.53,18.22,4.44,10.85,1.996,2.64,0.42,3.12,44.48,6.88
5/24/2022,WE8,4.94,0.75,Surface,10:15,41.834,-83.3593,12.05,clear,1.25,17.1,280.7,3.1,46.2,9.64,1739.6,6.78,<0.1,<0.1,bdl,3.23,,,21.03,11.55,<0.25,49.05,0.384,0.67,0.03,0.48,9.32,1.8
5/24/2022,WE8,,4.2,Bottom,,,,,,,17.1,280.1,3.1,46.4,7.21,48.6,,<0.1,<0.1,0.03,3.52,,,,,,,,,,,,
5/24/2022,WE9,2.79,0.75,Surface,13:14,41.7178,-83.4234,7,clear,0.25,19.1,521.5,15.3,2.2,7.85,1021.9,26.5,<0.1,<0.1,0.65,37.15,,,145.84,63.34,40.64,102.55,3.106,1.88,0.31,4.06,28.6,4.6
5/24/2022,WE12,6.75,0.75,Surface,12:00,41.7063,-83.259,8.94,clear,0.5,18.2,362.2,10.1,8,8.55,1475.8,16.7,<0.1,0.18,0.17,30.42,,,73.86,18.68,3.56,6.27,1.469,1.32,0.22,2.12,22.56,3.24
5/24/2022,WE12,,7,Bottom,,,,,,,18,362.3,15.2,2.4,8.64,0,,<0.1,<0.1,0.15,30.59,,,,,,,,,,,,
6/6/2022,WE2,5.63,0.75,Surface,13:51,41.7622,-83.33,9.72,overcast,0.75,20.9,293.1,7.3,16,7.95,699.2,16.2,<0.1,<0.1,0.14,13.58,,,41.49,15.77,,,,0.88,0.13,0.75,20.72,2.72
6/6/2022,WE2,,4.8,Bottom,,,,,,,20.3,282.3,8,13.7,7.18,0.5,,<0.1,<0.1,0.02,3.97,,,,,,,,,,,,
6/6/2022,WE4,8.26,0.75,Surface,9:53,41.8263,-83.1956,9.91,overcast,2.25,19.3,282.7,1.9,61.9,8.62,1552.3,3.11,<0.1,<0.1,0.08,3.02,,,22.01,8.78,<0.25,34.37,0.22,0.31,0.04,0.59,4.68,1.34
6/6/2022,WE6,2.71,0.75,Surface,12:50,41.7046,-83.386,7.78,overcast,0.5,21.3,405.7,11.2,6.1,8.54,292.8,20,<0.1,0.15,0.68,55.82,,,74.59,14.25,3.05,10.7,1.663,2.66,0.33,2.27,25.72,7.24
6/6/2022,WE8,4.91,0.75,Surface,8:50,41.8371,-83.3592,9.91,overcast,0.5,20.5,337.4,13,3.8,8.17,119.1,25.9,<0.1,<0.1,0.49,48.75,,,69.76,11.61,0.82,8.95,0.437,2.5,0.39,1.34,36.2,7.12
6/6/2022,WE8,,4,Bottom,,,,,,,20.5,337.4,12.6,4.3,7.98,0,,<0.1,<0.1,0.34,46.56,,,,,,,,,,,,
6/6/2022,WE9,2.6,0.75,Surface,13:16,41.717,-83.4246,9.72,overcast,0.25,21.9,459.2,13.2,3.7,7.01,307.7,27.6,<0.1,0.15,1.63,56.7,,,161.16,71.11,41.37,97.42,3.899,2.28,0.36,4.09,27.08,4.84
6/6/2022,WE12,6.55,0.75,Surface,12:08,41.7021,-83.2551,7.78,overcast,0.75,20.6,265.7,6.7,18.8,7.46,1069.5,9.23,<0.1,<0.1,bdl,3.24,,,39.61,16.02,5.18,34.36,0.353,0.62,0.09,0.58,13.38,1.62
6/6/2022,WE12,,5.9,Bottom,,,,,,,20.4,266.4,7.8,14.1,6.76,0.7,,<0.1,<0.1,bdl,2.92,,,,,,,,,,,,
6/6/2022,WE13,8.81,0.75,Surface,10:43,41.7433,-83.1361,11.08,overcast,1.75,19.7,253,2.5,52.9,8,1222.1,3.42,<0.1,<0.1,bdl,4.37,,,44.2,6.56,0.19,12.04,0.218,0.58,0.08,0.33,4.92,1.2
6/6/2022,WE13,,8.2,Bottom,,,,,,,19.5,255.6,2.3,56.1,7.73,14.2,,<0.1,<0.1,bdl,3.63,,,,,,,,,,,,
6/6/2022,WE16,5.77,0.75,Surface,11:29,41.6574,-83.1449,11.66,overcast,,20.4,252,2.3,56.1,7.46,933.3,6.51,<0.1,<0.1,bdl,2.79,,,26.31,9.76,3.49,22.6,0.26,0.41,0.06,0.34,5.8,0.96
6/21/2022,WE2,5.56,0.75,Surface,12:39,41.7623,-83.3314,5.83,clear,2.5,23.3,306.8,1,77.3,7.12,2086.3,2.9,<0.1,0.16,0.2,3.37,,,24.27,19.39,,,,0.28,0.05,0.83,2.44,0.96
6/21/2022,WE2,,4.6,Bottom,,,,,,,22.2,305.4,1.3,72.5,6.21,185.6,,<0.1,0.13,0.18,3.43,,,,,,,,,,,,
6/21/2022,WE4,8.39,0.75,Surface,9:08,41.8262,-83.1968,13.02,clear,2.5,21,245.4,0.9,80.5,8.28,224,1.25,<0.1,0.17,0.19,4.63,,,13.1,8.12,1.78,10.09,0.38,0.38,0.07,0.32,1.68,0.88
6/21/2022,WE6,2.77,0.75,Surface,11:36,41.7051,-83.3865,5.83,clear,1.25,23.9,429.5,2.6,52.2,6.3,468.6,9.26,<0.1,0.2,0.72,10.87,,,124.54,113.93,66.46,127.62,6.073,0.61,0.1,4.62,5.28,1.52
6/21/2022,WE8,4.87,0.75,Surface,8:14,41.8346,-83.3613,14,clear,1.75,22.4,347.3,2.2,59.5,7.39,240.8,3.37,<0.1,0.22,0.17,2.44,,,41.42,31.45,20.03,91.1,1.627,0.29,0.05,1.67,2.62,0.74
6/21/2022,WE8,,4,Bottom,,,,,,,22.4,346.3,0.9,79.6,6.65,12.7,,<0.1,0.12,0.48,1.85,,,,,,,,,,,,
6/21/2022,WE9,3.67,0.75,Surface,12:04,41.7174,-83.4233,5.83,clear,0.25,24.3,454.3,,,5.39,702.7,30.6,<0.1,0.21,0.4,18.59,,,177.86,114.24,,,,1.57,0.24,4.94,24.1,3.7
6/21/2022,WE12,6.6,0.75,Surface,10:58,41.7028,-83.254,5.83,clear,1,22.9,310.2,3.7,39.3,6.93,285.2,8.87,0.15,0.31,0.44,9.21,,,47.42,21.15,10.34,46.29,0.404,0.61,0.11,1.46,7.92,1.3
6/21/2022,WE12,,5.8,Bottom,,,,,,,22.4,304.4,5.4,26.3,5.7,2.3,,<0.1,0.2,0.17,8.3,,,,,,,,,,,,
6/21/2022,WE13,8.92,0.75,Surface,9:47,41.7424,-83.1368,9.91,clear,1.25,21.6,268.5,1.9,62.4,7.73,1331.1,4.15,<0.1,0.13,2,3.48,,,17.97,9.62,3.03,27.14,0.292,0.4,0.07,0.42,4.6,0.88
6/21/2022,WE13,,8.1,Bottom,,,,,,,21.2,262.2,3,47.6,7.11,11.4,,<0.1,0.19,bdl,1.98,,,,,,,,,,,,
6/21/2022,WE16,5.9,0.75,Surface,10:25,41.658,-83.1459,5.83,clear,2.25,22.3,265.9,1.2,74.4,6.9,352.4,3.79,<0.1,0.23,bdl,3.29,,,43.88,13.87,4.91,41.2,0.839,0.36,0.06,0.72,3.2,0.54
7/6/2022,WE2,5.67,0.75,Surface,12:34,41.7633,-83.3295,13.61,overcast,2.5,24.2,307.5,2.7,59.1,7.56,695.4,4,0.44,<0.1,,11.58,127889,26,33.37,16.36,4.93,34.03,0.661,0.67,0.13,1.1,3.58,1.18
7/6/2022,WE2,,4.6,Bottom,,,,,,,24.5,305.1,1.1,76.7,7.2,21,,0.35,<0.1,4.46,13.72,,,,,,,,,,,,
7/6/2022,WE4,8.38,0.75,Surface,8:50,41.8263,-83.1943,13.02,overcast,3.5,24.1,289.5,0.7,84.5,7.13,116.9,1.19,0.12,0.13,1.93,5.16,16001,32,22.68,13.2,4.53,70.46,3.475,0.41,0.08,0.66,2.28,0.92
7/6/2022,WE6,2.93,0.75,Surface,11:32,41.7055,-83.3823,13.61,overcast,1.25,25.1,408.5,3.5,41.7,7.95,136.3,7.91,0.14,<0.1,6.88,56.94,793260,133,92.46,40.44,22.74,21.6,1.076,1.92,0.34,2.77,11.7,3.8
7/6/2022,WE8,4.77,0.75,Surface,7:58,41.8348,-83.3582,13.02,overcast,2.5,25,305.6,0.8,81.6,7.18,49.3,2.44,0.23,0.13,2.29,4.06,48425,21,37.03,22.65,10.93,95.17,3.159,0.7,0.15,1,3.5,1.4
7/6/2022,WE8,,3.9,Bottom,,,,,,,25,305.6,0.8,82.5,6.72,6.3,,0.21,0.11,1.55,3.09,,,,,,,,,,,,
7/6/2022,WE9,2.89,0.75,Surface,11:55,41.7174,-83.4227,11.66,overcast,1,25.1,412.8,8.4,13.3,6.7,278.8,13.8,0.71,0.16,1.34,33.54,1193112,256,100.87,28.64,30.05,52.88,0.396,1.42,0.25,2.44,15.77,2.67
7/6/2022,WE12,6.32,0.75,Surface,10:49,41.7008,-83.2521,9.72,rain,1.75,24.3,273.1,2,61.4,7.58,323.2,3.25,0.13,<0.1,0.91,10.09,39628,40,21.6,12.91,2.08,17.72,0.43,0.52,0.1,0.56,4.6,0.98
7/6/2022,WE12,,5.8,Bottom,,,,,,,24.3,273.3,1.6,67.5,7.3,8.3,,<0.1,<0.1,1.72,9,,,,,,,,,,,,
7/6/2022,WE13,8.9,0.75,Surface,9:31,41.7438,-83.1352,7.97,overcast,4,23.9,261.9,0.9,80.7,7.35,258.8,1.33,<0.1,<0.1,0.17,3.45,9528,23,14.79,10.09,2.37,16.37,0.333,0.37,0.06,0.37,2.08,0.52
7/6/2022,WE13,,8.1,Bottom,,,,,,,23.8,262.7,1,78.2,7.33,16.6,,<0.1,<0.1,0.1,3.13,,,,,,,,,,,,
7/6/2022,WE16,6.04,0.75,Surface,10:11,41.6599,-83.1429,7.78,rain,3,24.3,257.2,1.5,70.4,7.36,150.5,2.03,<0.1,<0.1,0.03,3.1,5704,10,19.51,6.31,2.62,22.76,0.334,0.28,0.05,0.33,2.96,0.9
7/11/2022,WE2,4.95,0.75,Surface,12:50,41.7609,-83.3335,15.55,cloudy,1.25,24.4,347.6,4.4,34,7.91,814.9,9.68,1.26,0.31,5.34,16.97,132162,226,71.49,29.54,15.28,12.65,0.494,1.51,0.28,1.5,10.68,3.38
7/11/2022,WE2,,4.1,Bottom,,,,,,,24.3,348,3.8,38.8,7.8,7.5,,0.62,0.41,2.63,5.88,,,,,,,,,,,,
7/11/2022,WE4,8.3,0.75,Surface,9:03,41.8252,-83.1966,14,clear,2.25,23.8,282.6,1.1,76,7.79,178.3,1.67,0.15,0.14,1.89,12.42,293715,72,24.28,11.35,1.63,7.8,1.363,0.64,0.11,0.73,2.76,1.78
7/11/2022,WE6,2.49,0.75,Surface,11:52,41.7048,-83.3874,13.61,partly cloudy,1.25,24,321.7,2.9,48.8,8.11,1379.4,7.87,0.91,0.32,4.82,35.1,1119809,837,47.1,11.77,3.84,4.83,0.702,1.39,0.25,1.23,9.15,3.45
7/11/2022,WE8,4.81,0.75,Surface,8:14,41.8333,-83.3627,14,clear,2,24.2,295.1,1.7,65.1,8.29,105.7,3.14,0.47,0.25,12.96,36.56,1329008,120,40.99,11.56,1.3,3.26,4.516,1.31,0.25,0.88,5.24,2.58
7/11/2022,WE8,,4,Bottom,,,,,,,24.2,295,1.6,66.3,7.37,6.3,,<0.1,0.26,15.19,32.89,,,,,,,,,,,,
7/11/2022,WE9,2.16,0.75,Surface,12:15,41.7174,-83.4257,13.61,mostly clear,0.25,24.5,390,,,4.77,382.6,58.7,0.92,<0.1,0.37,13.72,169124,<100,251.93,134.56,92.85,154.13,0.608,2.03,0.31,5.81,47.95,6.8
7/11/2022,WE12,6.35,0.75,Surface,11:09,41.7023,-83.254,11.66,clear,0.75,23.9,285.4,6.2,21.3,7.31,1167.7,12.1,0.18,0.19,1.68,33.35,1014740,26,55.93,11.2,2.73,3.73,0.296,1.11,0.25,0.8,11.86,2.54
7/11/2022,WE12,,5.6,Bottom,,,,,,,23.8,285.4,6.2,21.3,6.51,1.1,,0.11,<0.1,0.74,18.46,,,,,,,,,,,,
7/11/2022,WE13,8.77,0.75,Surface,9:45,41.7421,-83.1372,14,clear,1.25,23.8,263.7,3.5,41.3,7.65,200.3,6.07,<0.1,<0.1,1.81,10.34,108654,<100,27.83,9.3,0.75,3.59,0.387,0.76,0.14,0.44,6.94,1.68
7/11/2022,WE13,,8,Bottom,,,,,,,23.8,263.9,3.5,42.2,7.47,1.2,,0.12,<0.1,0.82,9.27,,,,,,,,,,,,
7/11/2022,WE16,5.81,0.75,Surface,10:29,41.6581,-83.1464,11.66,mostly clear,1.75,23.9,274.7,1.8,63.5,7.04,328.9,3.66,0.22,<0.1,0.8,5.28,140589,39,27.33,13.72,3.62,20.39,1.261,0.57,0.1,0.53,4.62,1.08
7/18/2022,WE2,5.37,0.75,Surface,12:24,41.7635,-83.3307,3.89,partly cloudy,2,25.1,326.1,1.8,63.4,7.93,957.2,3.67,3.18,0.13,105.13,32.93,483067,152,52.97,15.84,6.2,11.1,0.334,2.25,0.36,1.44,5.9,3.94
7/18/2022,WE2,,4.7,Bottom,,,,,,,24.7,326.6,1.8,63.6,6.47,25.8,,0.94,0.41,104.38,18.81,,,,,,,,,,,,
7/18/2022,WE4,8.27,0.75,Surface,8:45,41.8283,-83.1948,13.02,cloudy,2.75,24,248.8,1.7,68,7.59,233.6,1.7,0.89,<0.1,8.2,10.59,63074,30,20.22,13.16,3.63,12.8,1.988,0.79,0.13,0.35,2.7,1.16
7/18/2022,WE6,2.68,0.75,Surface,11:15,41.706,-83.386,7.78,cloudy,0.75,24.7,376.4,3.8,39,9.9,1161.7,10.4,2.8,0.33,139.3,97.36,231604,231,77.58,14.86,4.54,5.76,1.182,3.84,0.71,2.83,13.04,5.52
7/18/2022,WE8,4.64,0.75,Surface,8:01,41.8354,-83.3602,15.94,cloudy,0.75,25.2,341.5,4.1,36.2,8.21,68.2,23.3,10.28,0.75,403.08,143.46,5258118,3028,125.89,17.13,4.53,6.06,5.163,7.08,1.44,,18.24,12.88
7/18/2022,WE8,,3.9,Bottom,,,,,,,25,342.1,2.4,54.5,7.59,0.1,,4.42,0.75,300.57,58.23,,,,,,,,,,1.99,,
7/18/2022,WE9,2.24,0.75,Surface,11:47,41.7184,-83.4256,3.89,cloudy,0.5,25.5,432.9,,,4.56,1018.6,18.4,0.47,0.18,52.74,17.49,186625,<100,172.71,122.99,69.88,177.85,0.487,1.45,0.26,,17.64,2.48
7/18/2022,WE9,,0,Scum,,,,,,,,,,,,,,23.97,,1241.06,736.02,,,,,,,,,,5.74,,
7/18/2022,WE12,6.41,0.75,Surface,10:34,41.7028,-83.2542,9.72,overcast,1.5,24.2,280.6,2.2,57.4,7.53,413.5,4.76,0.4,0.17,6.34,12.04,108317,51,25.52,9.98,1.91,23.86,0.393,0.91,0.16,0.75,4.92,1.48
7/18/2022,WE12,,5.5,Bottom,,,,,,,24.1,280,2.3,56.5,7.45,12.2,,0.5,0.21,4.93,11.09,,,,,,,,,,,,
7/18/2022,WE13,8.75,0.75,Surface,9:24,41.7435,-83.1368,13.02,cloudy,2.5,24.2,263.5,1.2,73.4,7.45,388.7,1.74,0.23,0.19,8.27,10.08,88005,112,17.71,7.53,2.65,9.63,0.311,0.76,0.11,0.46,2.96,1.2
7/18/2022,WE13,,8,Bottom,,,,,,,24.1,263.4,1.2,73.6,7.17,32.7,,<0.1,0.19,12.19,13.99,,,,,,,,,,,,
7/18/2022,WE16,5.78,0.75,Surface,10:00,41.6604,-83.147,9.72,cloudy,2.75,24.1,260.3,1.4,70.8,7.5,554.3,2.49,0.13,0.18,8.23,9.79,208303,24,19.58,9.49,2.46,20.71,1.078,0.68,0.11,0.45,2.76,1
7/25/2022,WE2,5.32,0.75,Surface,13:02,41.7639,-83.3317,3.89,clear,1,25.9,300.1,3.6,40.7,8.9,1067.3,10.5,7.39,0.48,109.72,63.23,170444,517,53.48,14.23,2.06,19.78,0.188,4.35,0.68,,13.8,9.5
7/25/2022,WE2,,4.6,Bottom,,,,,,,25.5,303.9,3,47.5,8.61,3.5,,3.7,0.36,96.9,54.45,,,,,,,,,,,,
7/25/2022,WE4,8.31,0.75,Surface,8:53,41.8275,-83.1959,12.05,clear,2.5,24.5,221.7,1.4,70.4,7.34,1230.9,1.43,0.35,0.99,2.86,9.33,29183,73,17.3,7.97,1.82,25.77,3.214,0.69,0.11,,2.84,1.2
7/25/2022,WE6,2.85,0.75,Surface,11:50,41.7063,-83.3845,5.83,clear,0.5,25.8,376.9,4.9,29.7,10.06,575.6,18.4,27.02,0.55,309.35,271.59,1354082,1590,259.15,35.77,21.4,20.65,0.355,17.33,3.13,,32.7,28.3
7/25/2022,WE6,,0,Scum,,,,,,,,,,,,,,71.63,0.88,311.67,631.67,,,,,,,,,,,,
7/25/2022,WE8,4.74,0.75,Surface,8:01,41.8351,-83.3612,14,clear,2,25.1,278.4,1.7,65.7,7.18,540.1,3.6,4.55,0.71,43.98,26.33,118309,163,34.48,8.39,2.3,20.62,3.185,2.3,0.39,,6.6,5.44
7/25/2022,WE8,,4,Bottom,,,,,,,25,278,1.7,65.7,6.43,23.5,,4.33,0.41,45.03,22.9,,,,,,,,,,,,
7/25/2022,WE9,2.36,0.75,Surface,12:22,41.718,-83.4237,3.89,clear,0.5,26.2,435.7,6.4,20.1,7.02,174.1,18.9,13.71,0.25,54.73,65.74,110348,348,197.29,91.51,46.83,101.22,0.397,5.25,0.87,,17.2,10.2
7/25/2022,WE12,6.59,0.75,Surface,11:00,41.706,-83.2537,5.83,clear,1,25.4,279.7,3.8,38.2,7.99,1299.4,8.5,2.84,0.34,44.22,52.85,160315,252,33.11,8.7,0.87,15.49,0.223,3.2,0.47,,12.94,7.16
7/25/2022,WE12,,5.8,Bottom,,,,,,,25.3,279.7,3.9,37.3,7.83,2.2,,1.46,0.63,21.58,25.34,,,,,,,,,,,,
7/25/2022,WE13,8.9,0.75,Surface,9:41,41.7452,-83.1355,7.97,clear,2,24.8,241.3,1.8,63.9,7.22,1433,1.62,0.66,0.59,8.94,13.46,46564,29,20.09,7.89,1.71,5.12,0.326,1.05,0.15,,4.02,2.32
7/25/2022,WE13,,8.1,Bottom,,,,,,,24.9,241.6,1.8,64.4,7.35,21.6,,0.43,0.51,8.28,13.99,,,,,,,,,,,,
7/25/2022,WE16,5.84,0.75,Surface,10:22,41.6583,-83.1456,7.78,clear,3,25.2,266.4,1.2,73.8,6.87,1570.5,2.12,0.42,0.5,2.79,5.96,36888,20,18.16,6.47,1.15,31.01,0.252,0.62,0.18,,2.68,1.28
8/2/2022,WE2,5.28,0.75,Surface,12:40,41.7628,-83.3312,1.94,clear,1.75,25.2,270.2,2.7,50.5,7.7,1077.4,6.04,1.21,0.18,51.26,23.92,54622,89,23.75,9,1.92,13.58,0.093,1.77,0.26,0.65,5.6,4.16
8/2/2022,WE2,,4.6,Bottom,,,,,,,24.6,278,3.3,44.3,6.34,21.8,,2,0.31,36.68,40.94,,,,,,,,,,,,
8/2/2022,WE4,8.41,0.75,Surface,8:36,41.8268,-83.1945,8.94,cloudy,1.5,24.6,244.9,2.7,50.7,7.21,492.8,6.71,,0.58,13.83,33.99,181321,264,26.17,7.99,2.81,17.75,0.849,1.74,0.27,0.54,8.28,4.6
8/2/2022,WE6,2.88,0.75,Surface,11:34,41.7061,-83.3862,3.89,clear,0.75,25.3,308.5,7,17.6,10.19,346.2,19.3,2.4,0.41,103.68,116.11,286944,421,81.06,20.04,6.41,12.64,0.191,5.47,0.88,2.43,20.48,14
8/2/2022,WE8,4.71,0.75,Surface,7:47,41.8346,-83.3611,14,cloudy,1.75,24.6,255.1,3.2,44.6,7.33,309.8,9.61,1.01,0.24,24.94,44.13,100221,736,35.48,15.08,3.08,14.02,1.071,3.07,0.52,0.79,12.28,7.36
8/2/2022,WE8,,4,Bottom,,,,,,,24.6,255,3.2,44.5,6.28,2.7,,1.74,0.31,19.47,44.04,,,,,,,,,,,,
8/2/2022,WE9,2.45,0.75,Surface,12:04,41.7183,-83.4231,3.89,clear,0.5,25.3,338.7,9.8,8.8,12.47,333.1,36.8,10.51,0.41,164.26,195.82,900188,772,182.88,25.24,9.21,7.8,0.628,12.46,2.24,2.71,30.68,21.48
8/2/2022,WE12,6.66,0.75,Surface,10:40,41.7029,-83.2522,5.83,clear,1.25,24.7,281.6,3.7,39.5,7.67,964.1,8.69,1.21,0.34,33.46,48.32,165986,989,39.52,13.89,2.91,7.77,0.18,2.97,0.46,1.42,11.68,7.04
8/2/2022,WE12,,5.9,Bottom,,,,,,,24.5,286.9,3.8,39,8.02,1.2,,1.38,0.3,48.58,65.33,,,,,,,,,,,,
8/2/2022,WE13,9.08,0.75,Surface,9:17,41.7439,-83.1368,7.97,cloudy,2,24.6,231.7,2.4,55.4,7.4,399.4,3.17,0.22,0.26,2.81,11.04,39939,25,15.1,13.28,2.19,8.32,0.164,0.8,0.11,0.24,5.4,1.44
8/2/2022,WE13,,8.3,Bottom,,,,,,,24.6,231.9,2.5,54.1,7.59,4.9,,0.21,0.13,2.17,10.61,,,,,,,,,,,,
8/2/2022,WE16,6.14,0.75,Surface,10:01,41.6623,-83.1459,5.83,mostly clear,2.5,24.6,240.8,2.2,57.9,7.69,710.9,2.1,0.13,0.25,5.37,14.62,53224,67,22.13,11.34,1.57,7.68,0.782,1.15,0.16,0.32,3.96,3
8/9/2022,WE2,5.29,0.75,Surface,13:26,41.7627,-83.329,3.89,overcast,0.5,26.1,283.7,6.3,20.6,7.73,273,28.3,5.17,0.43,66.81,170.9,847204,<100,86.06,11.52,4.1,9.25,0.434,8.17,1.35,1.8,23.12,17.64
8/9/2022,WE2,,5.5,Bottom,,,,,,,25.8,279.7,6.2,21,7.59,0,,3.7,0.22,50.69,96.28,,,,,,,,,,,,
8/9/2022,WE4,8.62,0.75,Surface,9:32,41.8269,-83.194,9.91,overcast,1.5,25.6,246.1,3.3,43.8,7.08,661.9,9.68,2.01,1.04,22.4,49.05,261149,<100,37.72,13.02,2.94,11.29,0.075,2.8,0.41,0.71,9.24,5.56
8/9/2022,WE6,2.75,0.75,Surface,12:16,41.7057,-83.3848,5.83,overcast,0.5,26,314.8,9.8,8.6,7.37,352.3,29.9,7.53,0.35,53.48,143.42,1128824,<100,120.92,26.44,8.95,4.74,0.684,7.01,1.25,2.47,28.76,14.92
8/9/2022,WE8,5.12,0.75,Surface,8:45,41.8341,-83.3601,12.05,overcast,1,25.7,254.7,4.2,35,7.55,209.9,12,1.7,0.43,22.93,64.06,180612,6,44.18,12.94,2.91,3.65,0.282,4.4,0.62,1.12,12.48,6.56
8/9/2022,WE8,,4.2,Bottom,,,,,,,25.8,255.2,4,36.7,7.26,0.7,,2.6,0.12,24.27,56.15,,,,,,,,,,,,
8/9/2022,WE9,2.32,0.75,Surface,12:44,41.7181,-83.4239,5.83,overcast,0.5,25.9,314.8,11.3,5.9,7.42,431.1,28.2,4.99,0.21,38.16,122.3,411068,<100,120.41,21.96,8.86,5.96,0.833,5.35,1.1,2.44,28.44,12.56
8/9/2022,WE12,6.63,0.75,Surface,11:30,41.7043,-83.2532,5.83,overcast,1.5,25.6,232.2,3.5,42.1,7.63,885.3,3.83,0.86,0.18,6.27,20.41,128459,<100,25.34,5.89,1.83,5.44,0.078,1.39,0.16,0.37,5.56,2.4
8/9/2022,WE12,,5.8,Bottom,,,,,,,25.8,233,2.8,49.5,7.71,19.1,,0.64,0.44,5.17,20.22,,,,,,,,,,,,
8/9/2022,WE13,8.77,0.75,Surface,10:16,41.7439,-83.1344,8.94,overcast,1.5,25.5,231.8,3.1,45.6,7.65,634.6,5.39,0.89,0.26,12.44,21.58,67579,<100,23.14,7.63,1.86,4.76,0.034,1.42,0.2,0.31,6.88,2.44
8/9/2022,WE13,,8.2,Bottom,,,,,,,25.6,232.3,3.2,45.2,7.53,1.2,,0.79,0.14,9.05,20.54,,,,,,,,,,,,
8/9/2022,WE16,6.02,0.75,Surface,10:56,41.66,-83.1447,7.78,overcast,2,25.6,231.7,2.2,57.9,7.22,698.9,2.92,0.63,0.1,2.12,12.75,50615,<100,25.14,8.68,2.29,13.69,0.109,0.89,0.13,0.24,3.6,0.8
8/17/2022,WE2,5.8,0.75,Surface,13:14,41.7626,-83.3289,5.83,clear,0.5,24.1,291.8,10.4,7.6,7.94,541.7,31.5,7.32,0.52,114.6,125.49,304852,96,106.94,16.64,4.6,6.71,0.376,7.53,1.41,1.97,30.1,14.2
8/17/2022,WE2,,4.8,Bottom,,,,,,,23.5,294.4,10,8.2,8.82,0,,5.39,0.42,83.89,100.01,,,,,,,,,,,,
8/17/2022,WE4,8.6,0.75,Surface,9:00,41.8267,-83.1939,11.08,clear,1.5,23.7,239.8,3.8,40,7.91,1453.5,6.42,1.79,0.22,26.43,37.25,144813,40,29.62,9.45,2.65,5.83,0.052,2.16,0.34,0.56,9.1,2.7
8/17/2022,WE6,3.2,0.75,Surface,12:06,41.7061,-83.3842,9.72,clear,0.5,23.5,239.5,9.7,9,8.45,338,20.5,5.19,0.24,27.74,50.23,183880,116,36.29,10.43,,,,3.56,0.44,0.83,25.3,5.5
8/17/2022,WE8,5.1,0.75,Surface,8:12,41.8353,-83.3583,14,clear,0.5,23.8,253.7,7.8,14.1,7.69,354.5,25.6,2.33,0.35,70.15,92.09,307168,204,65.2,12.45,1.6,3.97,0.416,5.05,0.8,1.2,26.5,15
8/17/2022,WE8,,4.1,Bottom,,,,,,,23.8,254.1,7.8,14.1,7.93,0,,9.63,0.34,70.71,87.63,,,,,,,,,,,,
8/17/2022,WE9,2.7,0.75,Surface,12:33,41.718,-83.423,7.78,clear,0.25,24.3,409.8,15.1,2.3,8.61,228.2,33,2.75,0.35,110.32,152.79,1176776,112,223.12,48.54,,,,7.17,1.33,3.62,35.8,14.2
8/17/2022,WE12,6.8,0.75,Surface,10:59,41.7028,-83.2516,7.78,mostly clear,0.5,23.1,264.3,15.3,2.2,7.94,448,34.9,0.56,0.41,85.22,84.18,394488,312,84.29,16.89,4.2,3.45,0.019,5.77,0.88,1.43,38.2,15.1
8/17/2022,WE12,,5.8,Bottom,,,,,,,23.1,267.6,18.4,1,7.5,0,,0.68,0.46,78.1,89.73,,,,,,,,,,,,
8/17/2022,WE13,9.2,0.75,Surface,9:42,41.7464,-83.1364,11.08,clear,1,24,231.9,4.8,29.7,6.94,1095.1,8,0.43,0.2,5.86,17.75,51447,45,27.17,7.21,2.34,4.98,0.026,1.01,0.16,0.37,10.3,2.7
8/17/2022,WE13,,8.2,Bottom,,,,,,,24,232.5,4.9,29.1,7.31,0.3,,0.4,0.13,9.82,17.16,,,,,,,,,,,,
8/17/2022,WE16,6.3,0.75,Surface,10:24,41.661,-83.1436,9.72,clear,1.5,23.7,245.6,4.5,32.9,8.03,1955.6,7.01,0.25,0.17,30.66,27.63,82004,94,34.76,18.45,1.59,6.47,0.095,2.2,0.34,0.51,10.9,5.5
8/23/2022,WE2,5.4,0.75,Surface,13:38,41.762,-83.3311,1.94,partly cloudy,0.25,24.8,267.6,9.4,9.5,12.02,738.3,31.3,2.8,0.55,119.84,127.86,302648,92,77.84,16.35,4.83,7.58,0.084,7.22,1.08,1.78,28.6,15
8/23/2022,WE2,,4.4,Bottom,,,,,,,24.2,268,7.2,16.4,10.75,0,,1.58,0.53,106.24,91.09,,,,,,,,,,,,
8/23/2022,WE2,5.4,0,Scum,,,,,,,,,,,,,,9.29,2.81,444.86,533.26,,,,,,,,,,,,
8/23/2022,WE4,8.5,0.75,Surface,9:20,41.8275,-83.1947,5.05,mostly clear,2,23.8,247.1,2.4,55.3,7.51,918.8,4.79,0.57,0.19,17.93,20.51,87051,21,35.78,10.16,2.63,15.37,0.097,1.47,0.2,0.5,7.2,1
8/23/2022,WE6,3,0.75,Surface,12:10,41.7054,-83.3848,0,partly cloudy,0.25,23.9,344.1,10.8,6.7,11.78,540.6,36.9,2.2,0.39,191.16,190.19,703608,80,132.52,21.24,7.88,11.43,<0.002,7.63,1.49,3.26,30.4,16.6
8/23/2022,WE6,3,0,Scum,,,,,,,,,,,,,,22.06,0.77,1142.34,1681.29,,,,,,,,,,,,
8/23/2022,WE8,4.9,0.75,Surface,8:26,41.8359,-83.3609,5.05,mostly clear,0.75,24.6,259.4,6.9,17.9,7.1,97.2,18.5,1.65,0.36,42.05,72.16,311680,132,75.56,14.6,4.49,6.12,0.781,4.92,0.69,1.35,22.7,11.6
8/23/2022,WE8,,3.9,Bottom,,,,,,,24.5,258.8,6.9,18,5.37,0,,1.28,0.39,48.62,73.53,,,,,,,,,,,,
8/23/2022,WE9,2.6,0.75,Surface,12:49,41.7178,-83.4237,1.94,partly cloudy,0.5,25.4,532.4,10.5,7.3,6.94,818.1,21.9,1.31,0.36,92.17,107.84,734496,36,195.59,80.91,49.15,116.73,0.005,4.85,0.84,3.92,22.2,8.8
8/23/2022,WE9,2.6,0,Scum,,,,,,,,,,,,,,14.82,0.99,570.98,873.99,,,,,,,,,,,,
8/23/2022,WE12,6.6,0.75,Surface,11:20,41.7035,-83.2538,1.94,mostly clear,1,24.5,239.2,4.6,32,7.87,345.7,10.2,1.06,0.34,20.6,32.11,177300,66,55.06,12.88,3.03,13.82,<0.002,2.33,0.3,0.88,11.6,3.8
8/23/2022,WE12,,5.6,Bottom,,,,,,,23.9,240,4.7,30.7,7,1.9,,0.81,0.23,14.77,32.7,,,,,,,,,,,,
8/23/2022,WE13,9,0.75,Surface,10:04,41.7432,-81.1358,4.08,mostly clear,1.25,24.3,233.3,4.1,35.9,7.42,601.8,8.71,0.65,0.18,21.35,27.69,190736,46,47,12.82,3.43,3.02,<0.002,2.05,0.27,0.63,9.8,2
8/23/2022,WE13,,8,Bottom,,,,,,,24.1,233.7,5,28.7,6,0.2,,0.53,0.17,14.75,24.9,,,,,,,,,,,,
8/23/2022,WE16,6.1,0.75,Surface,10:46,41.6594,-83.1442,3.89,mostly clear,1.25,24.3,239.2,4,36.4,7.32,1320.7,5.95,0.69,0.48,10,21,90614,102,41.3,13,2.69,4.53,<0.002,1.66,0.22,0.55,9.6,1.6
8/23/2022,2022.1,4.3,0,Scum,13:18,41.7334,-83.3849,1.94,,,,,,,,,,22.71,4.66,862.74,1246.05,,,,,,,,,,,,
8/29/2022,WE2,5.15,0.75,Surface,12:35,41.761,-83.3321,11.66,mostly clear,0.5,24.2,256.5,8.8,11,7.65,502.2,22.5,2.09,0.67,,86.72,274288,124,85.27,13.83,6.59,5.22,<0.002,5.58,0.83,1.51,20.84,12.08
8/29/2022,WE2,,4.2,Bottom,,,,,,,24.1,255.8,8.7,11.2,6.94,0,,2,0.56,,85.09,,,,,,,,,,,,
8/29/2022,WE4,7.93,0.75,Surface,9:04,41.8262,-83.2032,20.99,overcast,2.5,24.2,229.7,1.9,61.5,7.28,176.6,2.07,0.3,0.4,,6.41,11520,22,31.5,7.56,3.88,13.23,0.173,0.66,0.11,0.24,3,2.16
8/29/2022,WE6,2.73,0.75,Surface,11:37,41.7053,-83.3857,13.61,overcast,0.5,24.1,312.7,10.8,6.7,7.57,403.2,34.1,4.46,0.44,,136.5,600232,192,105.28,21.74,9.08,3.4,0.006,6.99,1.15,2.34,30.1,19
8/29/2022,WE8,4.4,0.75,Surface,8:19,41.8347,-83.362,19.05,overcast,0.5,24.6,256.7,8.2,12.9,7.33,30,24.3,2.57,0.3,,79.35,268832,88,77.32,13.77,5.37,2.39,<0.002,5.25,0.8,1.27,21.24,12.24
8/29/2022,WE8,,3.7,Bottom,,,,,,,24.6,256.2,8.1,13.4,7.4,0,,2.75,0.49,,85.36,,,,,,,,,,,,
8/29/2022,WE9,2.31,0.75,Surface,11:58,41.7173,-83.4246,7.78,mostly cloudy,0.5,24.6,364.2,12.3,4.6,7.79,396.3,32.4,4.28,0.57,,156.16,1115664,192,147.51,22.44,6.39,2.41,0.003,6.18,1.36,2.81,32.9,15.8
8/29/2022,WE12,6.33,0.75,Surface,9:55,41.7035,-83.2578,9.72,overcast/drizzle,0.75,24,243.6,6.5,19.5,7.08,129.3,15.2,0.86,0.31,,47.5,254584,88,59.42,14.78,5.07,1.84,<0.002,3.47,0.5,1.15,14.48,8.24
8/29/2022,WE12,,5.5,Bottom,,,,,,,24,244,6.5,19.8,6.46,0,,0.61,0.36,,48.59,,,,,,,,,,,,
9/6/2022,WE2,5.49,0.75,Surface,12:48,41.7637,-83.328,9.72,overcast,0.75,23.1,250.9,7.5,15.4,7.13,485.7,15.8,0.97,0.26,45.94,52.89,551819,130,69.51,14.25,6.24,3.18,<0.002,3.38,0.64,0.93,17,6.7
9/6/2022,WE2,,4.6,Bottom,,,,,,,23.2,250.9,7.3,16,6.78,0.1,,0.96,0.37,47.18,51.63,,,,,,,,,,,,
9/6/2022,WE4,8.56,0.75,Surface,9:00,41.8282,-83.1919,13.02,overcast,2.5,23.2,230.7,2.8,50.4,7.02,404.6,3.1,0.14,0.12,0.23,5.16,9781,6,25.88,6.62,4.06,21.85,0.205,0.36,0.06,0.21,4.8,2.3
9/6/2022,WE6,2.86,0.75,Surface,11:43,41.7083,-83.382,9.72,overcast,0.25,22.4,318.4,19.3,0.8,7.6,352.4,50.2,1.94,0.38,54.51,115.05,540480,120,173.6,22.31,6.33,2.56,<0.002,7.69,1.08,2.33,59.7,20.8
9/6/2022,WE8,4.79,0.75,Surface,8:04,41.835,-83.358,13.02,overcast,0.75,23.1,260.9,8.8,11.3,6.16,106.1,18.5,1.71,0.36,55.45,69.13,572228,76,77.91,13.8,5.29,9.02,<0.002,4.52,0.71,1.19,22.7,11.2
9/6/2022,WE8,,4.2,Bottom,,,,,,,23.4,259.2,8.5,11.9,6.07,0,,1.9,0.66,37.94,75.66,,,,,,,,,,,,
9/6/2022,WE9,2.49,0.75,Surface,12:09,41.7183,-83.4222,11.66,overcast,0.25,22.5,305.5,16.6,1.6,7.32,139.1,37.2,0.6,0.65,47.4,96.48,1025720,88,172.68,24.96,12.05,5.18,<0.002,4.51,0.81,2.01,48.4,15.6
9/6/2022,WE12,6.57,0.75,Surface,10:53,41.705,-83.2517,9.72,overcast,0.5,22.7,277.5,10.5,7.4,6.12,413.3,21,0.62,0.45,49.19,67.96,590652,40,114.66,18.83,8.12,10.08,<0.002,3.99,0.64,,22.5,11
9/6/2022,WE12,,7.8,Bottom,,,,,,,23.2,280,10.3,7.7,6.03,0,,0.38,0.39,48.06,69.18,,,,,,,,,,,,
9/6/2022,WE13,8.91,0.75,Surface,9:40,41.7468,-83.1351,15.94,overcast,1,23.5,236.2,6.5,20.2,7.45,466,11.3,0.47,0.19,13.38,26.26,269538,157,35.25,7.71,4.85,2.66,0.037,1.35,0.27,0.48,10.6,5
9/6/2022,WE13,,8.2,Bottom,,,,,,,23.5,236.9,6.2,21,7.14,0,,0.56,0.23,16.5,24.77,,,,,,,,,,,,
9/6/2022,WE16,6.03,0.75,Surface,10:08,41.6618,-83.1456,9.72,overcast,0.75,23.2,240.7,7.6,14.8,7.21,169.9,12.1,0.53,0.31,10.82,29.38,212310,106,53.53,8.18,3.23,1.03,<0.002,2.51,0.36,0.68,19.2,6.8
9/12/2022,WE2,3.12,0.75,Surface,12:54,41.7618,-83.333,13.61,overcast,0.75,22.6,259.5,11,6.8,7.78,612,12.7,0.27,0.28,38.29,55.48,2123397,16,59.61,15.99,4.9,5.24,<0.002,2.31,0.41,1.07,16.25,5.9
9/12/2022,WE2,,4.2,Bottom,,,,,,,22.6,259.2,7.3,15.9,7.25,20.9,,0.28,0.3,32.69,49.43,,,,,,,,,,,,
9/12/2022,WE4,7.9,0.75,Surface,9:02,41.8257,-83.1986,13.61,overcast,1.5,23.1,244.2,3.7,39.2,7.44,51.2,7.27,0.69,0.24,14.56,24.51,183267,17,41.38,9.03,3.06,7.65,0.073,1.19,0.24,0.39,7.63,3.1
9/12/2022,WE6,2.56,0.75,Surface,11:49,41.7051,-83.3854,15.55,overcast,0.5,22.2,305,11.5,5.6,6.75,565.2,25.2,1.19,0.35,83.75,106.28,1244196,20,117.51,19.86,5.61,4.8,0.007,4.14,0.79,1.82,28.73,12.27
9/12/2022,WE8,4.5,0.75,Surface,8:11,41.8351,-83.3576,9.72,overcast,0.5,23.5,270.1,10.2,7.7,7.29,68.8,20.5,0.65,0.35,91.02,78.98,638976,20,100.08,19.35,4.62,6.51,0.003,3.89,0.74,1.34,23.3,10.15
9/12/2022,WE8,,3.9,Bottom,,,,,,,23.5,270.1,10,8.2,6.24,0,,0.83,0.66,97.97,77.37,,,,,,,,,,,,
9/12/2022,WE9,2.15,0.75,Surface,12:14,41.7174,-83.4251,15.55,overcast,0.5,22.9,350.3,17.5,1.3,6.62,179.9,32.1,1.04,0.31,87.01,112.13,1909580,<100,145.16,24.4,8.74,10.54,0.077,4.81,0.87,2.18,38.6,10
9/12/2022,WE12,6.57,0.75,Surface,11:00,41.7026,-83.2585,13.61,overcast,1,22.7,248.7,5.8,23.3,6.99,388.4,8.43,0.15,0.24,9.85,30.42,386264,2,48.58,15.26,4.24,5.31,0.006,1.69,0.29,0.73,9.83,3.77
9/12/2022,WE12,,5.4,Bottom,,,,,,,22.8,249.2,5.7,24.1,6.2,0.8,,0.15,0.25,11.38,30.03,,,,,,,,,,,,
9/12/2022,WE13,8.59,0.75,Surface,9:41,41.7424,-83.139,13.61,overcast,1,23.1,241.4,6,22,7.41,391.8,9.66,0.15,0.13,16.48,28.28,453604,8,52.26,14.48,4.69,1.6,0.023,1.68,0.25,0.5,10.57,3.17
9/12/2022,WE13,,7.7,Bottom,,,,,,,23.2,241.9,6,22.3,7.44,0,,0.14,0.12,12.55,27.5,,,,,,,,,,,,
9/12/2022,WE16,5.83,0.75,Surface,10:19,41.662,-83.1499,13.61,overcast,2,23.1,239.9,3.1,46.2,6.95,327.2,4.62,<0.1,0.18,2.99,13.91,73193,4,30.24,8.64,1.91,0.42,<0.002,1,0.14,0.42,5.65,2.6
9/19/2022,WE2,4.98,0.75,Surface,13:53,41.7634,-83.3322,3.89,partly cloudy,1,23.3,254.1,5.1,27.9,7.77,288.4,7.64,0.53,0.42,7.54,23.21,452020,<100,38.59,12.27,1.15,1.58,0.012,1.82,0.2,0.84,9.48,4.24
9/19/2022,WE2,,4.4,Bottom,,,,,,,22.4,252,5.8,23.4,7.27,10.2,,0.11,0.33,3.98,29.97,,,,,,,,,,,,
9/19/2022,WE4,7.9,0.75,Surface,9:59,41.8266,-83.1997,7.78,mostly clear,1.5,22.5,246.4,3.5,42,7.85,232,5.53,0.3,0.34,23.92,36.4,496999,<100,23.29,10.38,2.33,2.5,0.119,1.4,0.22,0.38,6.56,3.6
9/19/2022,WE6,2.56,0.75,Surface,12:48,41.706,-83.3863,5.83,mostly cloudy,0.75,22.7,342.8,6.2,21,7.88,269.8,12.7,1.02,0.32,58.46,54.89,2277941,<100,65.95,18.85,6.15,3.18,0.017,2.73,0.46,,13.36,6.88
9/19/2022,WE8,4.62,0.75,Surface,9:10,41.8362,-83.3571,7.78,mostly clear,0.75,22.2,279.4,6.8,18.3,7.15,119.9,12.8,0.26,0.52,31.04,64.11,2077264,<100,63.77,13.69,1.94,4.34,0.015,2.67,0.48,,15.3,6.2
9/19/2022,WE8,,3.9,Bottom,,,,,,,22.1,279.4,6.8,18.2,5.52,0.1,,0.17,0.43,36.37,62.3,,,,,,,,,,,,
9/19/2022,WE9,2.1,0.75,Surface,13:13,41.7183,-83.4248,3.89,cloudy,0.5,22.6,323.5,11.4,5.8,7.8,189.3,19.2,0.34,0.44,63.25,94.82,1694608,<100,105.82,17.42,2.98,6.26,0.051,3.64,0.68,,26,11.9
9/19/2022,WE12,6.19,0.75,Surface,12:01,41.7022,-83.2572,7.78,mostly clear,1,22.7,247.5,5.3,26.8,7.2,698.2,7.33,<0.1,0.28,3.51,19.11,917720,<100,39.63,12.27,2.7,0.45,0.012,1.35,0.2,0.72,9.92,3.52
9/19/2022,WE12,,5.4,Bottom,,,,,,,23.3,247.3,5.8,23.8,6.53,3.1,,<0.1,0.34,2.04,21,,,,,,,,,,,,
9/19/2022,WE13,8.53,0.75,Surface,10:41,41.7456,-83.1409,9.72,mostly clear,1,22.5,245.3,5.8,23.2,7.87,487.1,10.2,0.11,0.24,13.94,31.27,915828,<100,31.91,12.16,1.83,bdl,0.016,1.47,0.22,0.56,10.92,3.6
9/19/2022,WE13,,7.8,Bottom,,,,,,,22.5,245.8,6,22.5,7.43,0,,0.15,0.33,7.52,28.6,,,,,,,,,,,,
9/19/2022,WE16,5.93,0.75,Surface,11:19,41.6645,-83.1503,7.78,clear,1.75,22.5,247.3,3,46.9,7.36,279,3.96,<0.1,0.23,1.9,12.39,415285,<100,25.64,10.32,2.24,0.27,0.008,0.77,0.09,0.49,4.96,2.12
9/30/2022,WE2,5.49,0.75,Surface,12:43,41.7636,-83.3293,7.78,mostly sunny,0.75,17.2,252.6,9,14.9,8.48,591.5,10.2,<0.1,0.15,4.75,12.52,302260,<100,39.76,16.4,5.77,16.44,0.136,1.06,0.18,0.5,15.48,
9/30/2022,WE2,,4.7,Bottom,,,,,,,17.3,253.6,6.6,19.4,7.96,1.6,,<0.1,0.2,7.14,12.53,,,,,,,,,,,,
9/30/2022,WE4,8.35,0.75,Surface,10:07,41.8277,-83.1931,14,mostly sunny,2.5,16.7,229,3.9,44.2,7.99,940.7,2.38,<0.1,0.19,0.09,3.13,22180,<100,15.69,12.37,6.17,23.39,0.23,0.37,0.05,0.32,2.92,
9/30/2022,WE6,3.01,0.75,Surface,11:44,41.7066,-83.3834,11.66,mostly sunny,0.5,15.8,278.6,7.6,14.8,8.36,1275.4,13.9,<0.1,0.34,6.24,18.98,601776,<100,64.91,31.42,12.74,15.47,0.075,1.54,0.25,0.87,22.7,
9/30/2022,WE8,4.83,0.75,Surface,9:11,41.8384,-83.358,15.94,mostly sunny,0.5,16.5,290.4,7.9,14,9.51,1095,14.5,0.14,0.27,62.12,35.88,1708645,11,70.59,17.45,2.4,7.31,0.011,2.42,0.44,1.28,16.7,
9/30/2022,WE8,,4.1,Bottom,,,,,,,16.6,290.2,6.8,18.1,8.36,0.2,,0.11,0.14,112.69,45.39,,,,,,,,,,,,
9/30/2022,WE9,2.52,0.75,Surface,12:08,41.7189,-83.4225,7.78,mostly sunny,0.5,16.3,291.2,8.5,13.3,8.7,596.9,15.1,<0.1,0.45,122.27,24.25,1043915,<100,89.67,23.89,7.66,12.1,0.03,1.95,0.34,1.15,18.1,
9/30/2022,WE12,6.66,0.75,Surface,10:58,41.7058,-83.2556,13.61,mostly sunny,0.5,16.7,268.2,7.8,14.3,9.13,536.9,11.8,<0.1,0.27,5.25,8.31,73060,<100,62.82,37.06,21.03,65.91,0.066,1.17,0.17,0.94,14.3,
9/30/2022,WE12,,5.8,Bottom,,,,,,,16.7,268.5,8.1,13.3,7.46,0,,<0.1,0.16,8.12,7.85,,,,,,,,,,,,
10/3/2022,WE2,5.53,0.75,Surface,13:39,41.7636,-83.329,9.72,clear,1,16.3,275.8,13,3.9,8.29,1645.4,19.2,0.15,0.4,137.42,51.33,1859244,<100,98.95,17.45,3.78,4.27,0.009,3.09,0.63,1.24,28.6,
10/3/2022,WE2,,4.7,Bottom,,,,,,,16.2,295.9,12.2,4.8,7.29,0,,<0.1,0.37,42.24,103.35,,,,,,,,,,,,
10/3/2022,WE4,8.29,0.75,Surface,10:16,41.8283,-83.1934,14.97,clear,1,16.5,265.1,6.3,20.6,8.49,1840,7.61,<0.1,0.24,0.86,2.68,20874,<100,50.19,23.59,10.73,66.65,0.173,0.71,0.11,0.57,13.12,
10/3/2022,WE6,2.92,0.75,Surface,12:28,41.7065,-83.383,9.72,clear,0.25,15.6,272.5,20.4,0.6,9.3,926.7,26.5,<0.1,0.4,6.74,16.45,195014,<100,99.92,27.15,10.97,35.01,0.07,2.05,0.35,0.87,51.52,
10/3/2022,WE8,5.01,0.75,Surface,9:14,41.8354,-83.354,14.97,clear,0.5,15.9,277.8,12.6,4.8,8.75,716.3,12.7,0.12,0.45,9.19,10.87,109780,<100,80.06,27.04,10.61,65.93,0.074,2.06,0.42,0.92,31.24,
10/3/2022,WE8,,4.2,Bottom,,,,,,,16,277.6,10.3,7.6,8.24,0,,0.1,0.38,4.73,9.55,,,,,,,,,,,,
10/3/2022,WE9,2.41,0.75,Surface,12:53,41.7192,-83.4232,9.72,clear,0.25,15.3,340.7,20.5,0.6,8.58,1443.3,15.1,0.19,0.29,21.17,40.77,1266726,<100,144.55,32.4,17.59,22.15,0.212,2.52,0.54,1.44,42.24,
10/3/2022,WE12,6.62,0.75,Surface,11:35,41.7073,-83.2541,11.66,clear,1,16.2,266.5,13,3.9,7.95,813.2,20.3,<0.1,0.35,5.39,8.13,65385,<100,77.62,31.2,13.77,36.19,0.086,1.25,0.29,0.64,25.76,
10/3/2022,WE12,,5.9,Bottom,,,,,,,16.2,266,13.5,3.5,7.91,0,,0.1,0.39,2.89,8.14,,,,,,,,,,,,
10/11/2022,WE2,5.43,0.75,Surface,14:23,41.7616,-83.3308,11.66,clear,0.5,14.7,287.3,5.8,23.3,9.82,1161.7,15.4,<0.1,0.28,107.63,54.02,3283312,<100,64.66,11.15,2.51,2.39,0.01,3.34,0.65,0.93,11.64,
10/11/2022,WE2,,4.1,Bottom,,,,,,,14.4,285.8,5.2,27.5,9.98,1.8,,<0.1,0.25,72.66,42.71,,,,,,,,,,,,
10/11/2022,WE4,7.93,0.75,Surface,10:30,41.8246,-83.1971,9.91,partly sunny,2.25,14.4,230.6,2.2,57.1,9.48,1289.2,1.97,<0.1,0.17,0.13,3.67,6834,<100,9.22,3.59,4.26,11.51,0.216,0.33,0.06,0.19,2.2,
10/11/2022,WE6,2.33,0.75,Surface,13:13,41.7037,-83.3872,11.66,clear,1,13.8,325.1,4.1,36,9.28,848.3,8.33,<0.1,0.36,27.15,20.82,1363440,<100,55.67,19.84,7.01,10.03,0.144,1.79,0.32,,6.66,
10/11/2022,WE8,4.47,0.75,Surface,9:22,41.8354,-83.3585,15.94,slightly overcast,1,14.4,256.9,3.9,37.8,9.5,813.2,9.33,<0.1,0.24,28.21,27.24,1344755,<100,42.68,8.86,4.82,4.87,0.149,1.99,0.4,0.72,8.16,
10/11/2022,WE8,,3.8,Bottom,,,,,,,14.4,256.8,3.7,39.2,9.16,16.1,,<0.1,0.21,40.07,28.93,,,,,,,,,,,,
10/11/2022,WE9,2.13,0.75,Surface,13:41,41.717,-83.4239,11.66,clear,0.5,14.3,342.5,8.8,11.2,9.3,1294.6,16.2,<0.1,0.26,19.19,24.31,1034576,<100,69.35,24.31,11.43,34.57,0.193,1.73,0.33,1.35,16.55,
10/11/2022,WE12,6.16,0.75,Surface,12:21,41.7014,-83.2564,11.66,clear,0.75,14.7,273.6,6.5,19.7,9.33,1262.3,11.8,<0.1,0.25,16.57,27.43,816582,<100,45.73,10.8,4.9,1.12,0.068,1.55,0.3,0.72,11.16,
10/11/2022,WE12,,5.4,Bottom,,,,,,,14.6,273.6,6.5,19.6,9.53,0.9,,<0.1,0.29,33.94,28.28,,,,,,,,,,,,
10/11/2022,WE13,8.5,0.75,Surface,11:24,41.7409,-83.1356,7,clear,1,14.7,237.2,4.9,29.7,8.83,1697.2,6.55,<0.1,0.17,1.56,7.38,168788,<100,20.47,4.86,4.37,4.1,0.238,0.61,0.1,,7.23,
10/11/2022,WE13,,7.3,Bottom,,,,,,,14.7,236,4.8,30.4,8.82,0.6,,<0.1,0.14,0.91,5.54,,,,,,,,,,,,
10/24/2022,WE2,4.91,0.75,Surface,13:36,41.7609,-83.3327,5.83,clear,1.5,11.1,275.6,4.2,34.6,10.1,1294.5,9.64,<0.1,0.2,25.47,20.74,2019214,<100,51.84,9.41,6.13,1.82,0.126,1.72,0.34,0.74,8.45,
10/24/2022,WE2,,4.2,Bottom,,,,,,,9.8,273.4,3.1,46.4,10.35,27,,<0.1,0.22,0.68,3.47,,,,,,,,,,,,
10/24/2022,WE4,8.11,0.75,Surface,10:05,41.8256,-83.1945,11.08,clear,2,10.7,261.8,2.6,52.7,9.51,1125.2,2.71,<0.1,0.21,0.79,4.3,140607,107,20.57,10.41,8.41,15,0.237,0.46,0.06,0.49,2.69,
10/24/2022,WE6,2.65,0.75,Surface,12:40,41.705,-83.3857,3.89,clear,2.25,10.5,323.6,2.3,56,10.17,1485.8,4.02,<0.1,0.18,7.06,8.78,759659,<100,44.02,21.57,11.57,35.39,0.234,0.83,0.15,0.88,3.55,
10/24/2022,WE8,4.61,0.75,Surface,9:16,41.8331,-83.3597,13.02,clear,2,10.4,267.9,2.6,52.2,9.68,650.2,4.58,<0.1,0.22,4.76,12.07,659383,<100,28.28,9.1,5.9,2.84,0.192,0.94,0.16,0.56,4.25,
10/24/2022,WE8,,4.1,Bottom,,,,,,,10.3,271.9,2.4,54.9,10.58,37.9,,<0.1,0.18,4.31,6.89,,,,,,,,,,,,
10/24/2022,WE9,2.21,0.75,Surface,13:02,41.7168,-83.4227,3.89,clear,1,11.3,323.7,4.8,29.8,9.77,1521.7,6.25,<0.1,0.25,0.74,5.92,370563,<100,102.85,29.25,17.19,69.31,0.304,0.62,0.1,0.77,6.65,
10/24/2022,WE12,6.27,0.75,Surface,12:00,41.7015,-83.2542,3.89,clear,0.75,10.6,272.5,4.1,35.9,9.98,1395.2,7.28,<0.1,0.21,34.73,26.59,2717988,<100,53.72,7.38,4.63,0.6,0.154,1.98,0.41,0.51,8.15,
10/24/2022,WE12,,5.7,Bottom,,,,,,,9.8,276.5,4.4,33.6,10.42,8.1,,<0.1,0.16,14.65,14.01,,,,,,,,,,,,
10/24/2022,WE13,8.61,0.75,Surface,10:47,41.7413,-83.1346,12.05,clear,1.5,10.8,234.6,3.2,45.3,10,1442.3,3.39,<0.1,0.13,0.08,2.09,14628,<100,15.96,9.53,9.14,18.78,0.236,0.3,0.03,,3.69,
10/24/2022,WE13,,8,Bottom,,,,,,,10.6,235.7,4.5,33,9.83,15.6,,<0.1,0.12,0.19,1.43,,,,,,,,,,,,
10/24/2022,WE16,5.62,0.75,Surface,11:23,41.6577,-83.1442,5.83,clear,1.25,10.7,247.9,3.6,40.4,10.11,1594.5,5.22,<0.1,0.14,0.46,4.23,183168,<100,25.49,14.37,11.85,9.83,0.202,0.46,0.1,0.33,4.8,
